wallet_id,transaction_count,incoming_transaction_count,outgoing_transaction_count,total_received,total_sent,average_received,average_sent,maximum_transaction,amount_variance,unique_counterparties,unique_ips,unique_asns,unique_countries,transactions_per_hour,transactions_per_day,average_time_between_transactions,minimum_time_between_transactions,fan_in_ratio,fan_out_ratio,graph_degree,graph_in_degree,graph_out_degree
1182Whs8pwEtgTT3NPcthE1hDm,42,21,21,391.60511607,457.92688054,4.2108077,4.32006491,8.50185659,2.58021829,0,42,9,11,60.0,1.0,74.6097561,0.0,0.85516953,1.16935878,42,21,21
11EiYyv6Wth4QcpyTuQsn4ugJa,29,16,13,364.97477158,245.15206072,4.7399321,4.01888624,7.97961162,3.02345617,0,29,8,11,60.0,1.0,119.46428571,2.0,1.48876893,0.67169591,29,16,13
11iBZwXwYxB5qYMGNJ4ZFciRSu,10,6,4,32.80709651,20.92228246,5.46784942,5.23057062,7.48520657,3.85750131,0,10,3,3,60.0,1.0,160.66666667,15.0,1.56804577,0.63773649,10,6,4
12AwfksV395GriQQRd3fAkVQQV,7,5,2,3.22945859,0.90551587,0.64589172,0.45275794,1.27524258,0.16341791,0,7,3,2,60.0,1.0,8955.16666667,601.0,3.56642959,0.28039247,7,5,2
12CWeznzDyW6HMminsBno868nV,29,18,11,356.28493802,193.12420809,4.34493827,3.32972773,9.04030814,3.6037281,0,28,8,12,60.0,1.0,102.78571429,0.0,1.84484867,0.54204988,29,18,11
13D2oeGYR5sbiLYbvtV23N4Nso,8,4,4,55.68993031,77.32906242,13.92248258,19.3322656,34.73987476,59.41885512,0,8,3,3,60.0,1.0,844.71428571,0.0,0.72016818,1.38856454,8,4,4
13FzwaTmzQWp6e7Z9huS5ed4Uj,8,2,6,29.72127156,102.20739497,14.86063578,3.52439293,20.60421888,11.09819845,0,8,6,7,60.0,1.0,424.57142857,105.0,0.29079375,3.43886347,8,2,6
13jPxMxXWxbJcV9mbCefWhphyd,1,0,1,0.0,11.89437907,0.0,11.89437907,11.89437907,0.0,0,1,1,1,60.0,1.0,0.0,0.0,0.0,11894379069.999998,1,0,1
13wXFDuWPLusxFF2jDSNJx5rJP,7,6,1,3.11102987,0.96204114,0.51850498,0.96204114,1.0832553,0.13631455,0,7,2,2,60.0,1.0,11600.5,73.0,3.23378049,0.30923558,7,6,1
14Aqmj76jPtbTqeFc4vRuaTbkx,10,7,3,31.51200181,8.2080391,4.50171454,2.73601303,7.36510094,5.58158197,0,10,3,2,60.0,1.0,143.88888889,7.0,3.83916322,0.26047343,10,7,3
14QvK5ixw6gfZRWecspz3VtdiD,4,2,2,1.52618215,2.09124646,0.76309108,1.04562323,1.42990999,0.15426898,0,4,3,3,60.0,1.0,7503.33333333,1355.0,0.72979545,1.37024697,4,2,2
14ZkQy48RQWg3QQCicn5cnrE9N,3,2,1,68.21126578,25.92626025,34.10563289,25.92626025,36.43894342,18.49670019,0,3,2,2,60.0,1.0,1315.0,739.0,2.63097204,0.38008766,3,2,1
14r6idFbpow3CTyvC3vSsYCpxK,9,4,5,3.25689316,4.07337535,0.81422329,0.81467507,1.28443323,0.1252228,0,9,4,4,60.0,1.0,7245.0,915.0,0.79955636,1.25069358,9,4,5
14rNPyuUTx8xrFpiwf1hrhR4La,21,12,9,247.78147611,171.41399157,4.85846032,3.80919981,7.82496984,3.89618378,0,21,8,9,60.0,1.0,106.5,0.0,1.44551488,0.69179502,21,12,9
14xjE8GhUM1BsJe8SsG13esmXm,2,0,2,0.0,9.10324757,0.0,4.55162379,7.04821231,6.23295426,0,2,1,1,60.0,1.0,1499.0,1499.0,0.0,9103247570.0,2,0,2
15NfrgfSrM2hJsVYFPcRUCkejR,18,2,16,26.12930599,270.47371754,13.06465299,4.43399537,14.89543337,6.3157099,0,18,9,10,60.0,1.0,311.29411765,3.0,0.09660571,10.35135482,18,2,16
15i2AoyYjU969itTxWzsmfUgCW,24,12,12,260.82395718,217.26012358,4.74225377,3.62100206,7.97961162,2.29317585,0,24,9,10,60.0,1.0,147.52173913,0.0,1.20051463,0.8329761,24,12,12
15jNgMjw8ozLZLjTMSmKc9DTjR,5,2,3,0.49865736,1.4378699,0.24932868,0.47928997,0.75322964,0.04303159,0,5,4,3,60.0,1.0,15305.0,827.0,0.34680284,2.88348276,5,2,3
15yXc42rSaq67HgA6iyRLFGpKV,2,0,2,0.0,10.45333397,0.0,5.22666698,5.49643028,0.07277224,0,2,1,1,60.0,1.0,127.0,127.0,0.0,10453333969.999998,2,0,2
176MjKLVfnUBmVPV3oxPgUJhs4,6,3,3,2.26854157,2.4884632,0.75618052,0.82948773,1.36184619,0.14813981,0,6,4,2,60.0,1.0,9144.8,4606.0,0.91162352,1.09694406,6,3,3
177jUPUTWxo4kii74SoNtx7GDD,7,1,6,1.13172273,6.67176465,1.13172273,1.11196078,1.37776959,0.0659357,0,7,5,5,60.0,1.0,13057.5,2137.0,0.16962869,5.89522899,7,1,6
17DoeYNP9jiG7Kg5zDMYVNgjLm,7,1,6,7.48853377,19.09770128,7.48853377,3.18295021,7.48853377,3.64318606,0,7,6,6,60.0,1.0,200.16666667,33.0,0.39211702,2.55025908,7,1,6
17Gyb9RWQjpmbTepoAyTi7vYgT,4,2,2,2.15389377,1.16000626,1.07694688,0.58000313,1.21561144,0.20589255,0,4,2,3,60.0,1.0,19301.66666667,3044.0,1.85679495,0.53856243,4,2,2
1814vrF9DuSQkhi6eeHu525Dzi,14,2,12,17.29559663,171.52664324,8.64779831,4.0839677,9.67109661,4.67291755,0,14,7,8,60.0,1.0,408.0,63.0,0.1008333,9.91735914,14,2,12
18JAqTBmQcBVGe397swhgRrB2y,5,4,1,97.89328811,31.75253037,24.47332203,31.75253037,34.89168581,52.87083915,0,5,2,2,60.0,1.0,1220.0,312.0,3.08300746,0.3243586,5,4,1
18a7gQxqbZFWrhjEJ4D8sAkwXY,7,3,4,65.59555804,75.67692196,21.86518601,18.91923049,30.47790068,69.83862498,0,7,2,3,60.0,1.0,720.16666667,0.0,0.86678417,1.15368973,7,3,4
18hWgVJmgYDM2A4b2C7KJ9nVo1,4,0,4,0.0,24.19361287,0.0,6.04840322,8.31856626,6.76518409,0,4,1,1,60.0,1.0,663.33333333,388.0,0.0,24193612869.999996,4,0,4
19C2qggJfdgFfFFk2P6mrX9Zwf,39,24,15,448.35074508,295.70609881,4.67032026,4.05076848,7.92864385,3.17402048,0,38,9,12,60.0,1.0,74.5,0.0,1.51620392,0.65954189,39,24,15
19Hz3YnVcKbmYDdCbPMoWJxvfx,1,0,1,0.0,7.09141463,0.0,7.09141463,7.09141463,0.0,0,1,1,1,60.0,1.0,0.0,0.0,0.0,7091414630.0,1,0,1
1A1T2FbPhvmy1N1qjRwpoL7EaG,14,3,11,46.803158,131.11920428,15.60105267,2.97998192,18.02433587,11.89881285,0,13,6,9,60.0,1.0,361.46153846,34.0,0.35695121,2.80150336,14,3,11
1A9HQyeGFHtL6dSdEo5oMsXCYu,25,13,12,279.07059678,281.95482171,4.57492782,5.1264513,8.24377349,2.998242,0,24,8,10,60.0,1.0,137.95833333,0.0,0.98977061,1.01033511,25,13,12
1ARnshApRMQ761LVQqJ796CUVc,14,5,9,71.24882666,149.48416864,14.24976533,4.15233802,18.11296932,14.67425672,0,14,7,8,60.0,1.0,366.69230769,47.0,0.47663125,2.09805797,14,5,9
1AtpAXt1CTY9zwhaboMsYLHcwd,6,0,6,0.0,29.62460008,0.0,4.93743335,8.25397406,7.75228748,0,6,1,1,60.0,1.0,383.4,80.0,0.0,29624600080.0,6,0,6
1BCvmrgtzBoV3TQkoGVgKqpsVF,7,4,3,2.79410696,2.41557029,0.69852674,0.8051901,1.27279637,0.1088164,0,7,4,2,60.0,1.0,9925.83333333,2322.0,1.15670696,0.8645232,7,4,3
1BDF3Tq1JTFpjDqE5CVxgYmMxW,32,17,15,382.48899556,302.4472736,4.78111244,4.08712532,9.04030814,2.94560173,0,32,9,12,60.0,1.0,111.51612903,0.0,1.26464686,0.79073458,32,17,15
1BSkZzynrLm8hKQgFF9XAWpfQT,19,7,12,94.48392992,199.14107538,13.49770427,4.32915381,23.2487271,20.7214396,0,18,8,8,60.0,1.0,215.5,0.0,0.47445726,2.10767138,19,7,12
1D1gqH1WYwYbt1fyYGEejXWTV6,38,15,23,324.53058914,489.05608468,4.44562451,4.657677,10.11168607,3.89803993,0,38,9,11,60.0,1.0,95.7027027,0.0,0.66358563,1.50696452,38,15,23
1DA23GXgwr5WTyhdDnmRYSGAim,4,3,1,2.85822136,1.27363282,0.95274045,1.27363282,1.45314097,0.11449668,0,4,2,2,60.0,1.0,18012.66666667,3075.0,2.24414864,0.44560328,4,3,1
1DTmcoobHjKLG74SdcvYA4Q1U6,7,0,7,0.0,31.90774821,0.0,4.55824974,7.65342119,5.59892002,0,7,5,6,60.0,1.0,244.16666667,51.0,0.0,31907748210.0,7,0,7
1DfZpy9x5JrswTNsZJu1KoLvee,8,3,5,1.66730932,4.60320347,0.55576977,0.92064069,1.27123079,0.18366048,0,8,5,5,60.0,1.0,10416.57142857,649.0,0.3622063,2.76085752,8,3,5
1DrHvaDPnTKB3cYEmXNG11j68v,3,2,1,10.83930853,4.26829086,5.41965427,4.26829086,6.09531661,0.59893256,0,3,2,2,60.0,1.0,463.5,417.0,2.53949623,0.39377889,3,2,1
1EkyMLdskLUnP6e1gZSw9wK4Qz,34,17,17,404.59518765,368.4625792,4.75994338,5.04743259,11.00751624,4.89959045,0,32,9,9,60.0,1.0,83.75757576,0.0,1.09806317,0.91069442,34,17,17
1Er9qHKM81YpUC9RbnFZcvjtP5,8,6,2,4.50921158,1.6599516,0.75153526,0.8299758,1.24975165,0.09474585,0,8,3,3,60.0,1.0,7111.71428571,995.0,2.71647172,0.36812458,8,6,2
1Fv1q2LWkobUbRuFGWPAJDyoq8,13,2,11,25.84984766,152.82726118,12.92492383,3.47334685,15.23729464,6.655629,0,12,7,9,60.0,1.0,421.33333333,0.0,0.16914422,5.91211458,13,2,11
1GA74KRxgTGxzBuMdoMDqBYZWY,6,5,1,3.81007404,0.85598498,0.76201481,0.85598498,1.09769811,0.02603386,0,6,2,2,60.0,1.0,12785.2,7138.0,4.45109918,0.22466361,6,5,1
1GLjeQXcaPUpcNPmWJLHF8oDM8,16,3,13,2.70291292,9.64152455,0.90097097,0.74165573,1.48650206,0.14625468,0,16,6,10,60.0,1.0,5221.53333333,121.0,0.28034082,3.56708663,16,3,13
1Gkqfxs6aVanQ5d84vczZDdbAB,15,3,12,53.58424653,203.41118887,17.86141551,4.84312354,22.28362842,21.59005545,0,15,7,9,60.0,1.0,231.21428571,6.0,0.26342822,3.79610057,15,3,12
1GqNrWkWzex2X8H5RhsFkmFtMT,4,0,4,0.0,28.56191817,0.0,7.14047954,11.99111361,11.21284162,0,4,1,1,60.0,1.0,345.66666667,115.0,0.0,28561918169.999996,4,0,4
1GsFnpiUJvQ9koNyXWVPrLYc7C,9,3,6,11.0866087,30.25862443,3.69553623,5.04310407,7.29469725,2.97383406,0,8,4,7,60.0,1.0,129.875,16.0,0.366395,2.72929489,9,3,6
1Gx5Vtxwc74ibv16qwGBTYXExS,9,5,4,3.34771821,3.80615776,0.66954364,0.95153944,1.35503891,0.09191224,0,9,5,3,60.0,1.0,8271.75,95.0,0.87955319,1.1369409,9,5,4
1H1p8fCepAjVQtCHsmGYCtax3N,32,16,16,349.74837055,360.21811538,4.60195224,4.73971204,10.85308279,3.92747792,0,32,8,11,60.0,1.0,111.51612903,0.0,0.97093499,1.02993508,32,16,16
1HNJyfmyJc1aD6GoTYcqGmXinY,7,4,3,4.00001446,1.41261587,1.00000362,0.47087196,1.33241047,0.13771433,0,7,3,4,60.0,1.0,11091.5,26.0,2.83163636,0.35315269,7,4,3
1JR9TDiytaGhtbs2RsnPXbsYPd,18,3,15,56.08306267,168.39365059,18.69435422,3.06170274,23.95587968,14.79878377,0,16,8,9,60.0,1.0,212.88235294,12.0,0.33304737,3.00257587,18,3,15
1JfiSJyVrxQpeaVTBCw29oGjHp,2,0,2,0.0,7.18882454,0.0,3.59441227,6.30059782,7.32344023,0,2,1,1,60.0,1.0,605.0,605.0,0.0,7188824540.0,2,0,2
1JqsBKkHAv4msKEqb3PuV7gxkp,6,5,1,23.07250819,3.0925808,4.61450164,3.0925808,7.93608177,3.82349779,0,6,2,2,60.0,1.0,332.2,83.0,7.46059996,0.13403748,6,5,1
1JrUmzjrrMHBr5Jr4RRN4HuHCV,6,2,4,60.27163079,107.21534672,30.1358154,26.80383668,34.87755692,41.61485833,0,6,4,4,60.0,1.0,975.8,192.0,0.56215488,1.77886918,6,2,4
1Jxi9mx9GAnMvGqvkSYAdhJhTR,14,3,11,50.22153514,168.92791597,16.74051171,4.33148502,21.30114461,15.01005591,0,14,7,7,60.0,1.0,362.23076923,0.0,0.29729565,3.36365496,14,3,11
1K2MH75NByRBo5cz6NfgzXn2Ui,8,2,6,46.79336987,111.68689869,23.39668493,5.07667721,23.60300458,28.86510542,0,8,5,5,60.0,1.0,414.85714286,0.0,0.41896919,2.38681033,8,2,6
1LkinrWXFFAxzgHQSCmjNsxyMW,24,15,9,308.36585414,201.74156675,4.34318104,4.80337064,7.98974204,2.73621518,0,23,8,11,60.0,1.0,118.65217391,0.0,1.52851918,0.65422797,24,15,9
1MSgpdfbaiyns3a7VWuy3yGabS,32,15,17,315.08329133,332.93388958,4.84743525,4.01125168,7.96600703,3.16377571,0,32,9,11,60.0,1.0,114.03225806,0.0,0.94638396,1.05665359,32,15,17
1Mq51Wgd75bEZH9Py5yGQKBVvb,8,3,5,0.97769238,4.12707752,0.32589746,0.8254155,1.40227453,0.18369271,0,8,4,4,60.0,1.0,7137.71428571,502.0,0.23689702,4.22124341,8,3,5
1NFNrB5Zh8aZDzrPPouiuAG7AH,6,1,5,0.66261331,3.34858487,0.66261331,0.66971697,1.25329258,0.07883286,0,6,5,5,60.0,1.0,15561.4,2588.0,0.19787861,5.05360339,6,1,5
1NcqbRWMxDmGdRFwrT3MpXntRR,7,1,6,0.23336487,5.97578756,0.23336487,0.99596459,1.3104618,0.13075948,0,7,5,6,60.0,1.0,12626.5,1072.0,0.03905173,25.60705714,7,1,6
1NgtyqW37p4bCBs2YZ85zGoVee,9,4,5,91.145799,110.53520309,22.78644975,22.10704062,30.28478838,22.97887803,0,9,4,3,60.0,1.0,823.625,0.0,0.82458616,1.21272954,9,4,5
1NrAszf1JwA9bHtC8jx291PssG,11,6,5,4.61569125,4.21604864,0.76928188,0.84320973,1.45608307,0.12775777,0,10,4,5,60.0,1.0,5618.7,834.0,1.0947908,0.91341652,11,6,5
1NtXaWAfzZ9MgMBSgpvLeNZvZb,6,1,5,0.70694164,6.15956666,0.70694164,1.23191333,1.48008583,0.07913867,0,6,5,5,60.0,1.0,11558.8,2451.0,0.11477133,8.71297758,6,1,5
1PJDN93md4J98wWWTBqNFyKfBs,3,1,2,7.10606189,40.83514008,7.10606189,20.41757004,31.37839177,119.4700196,0,3,3,2,60.0,1.0,2374.0,1788.0,0.17401831,5.74652187,3,1,2
1QF3jEasQRXWy33iM7nahvJvpH,4,0,4,0.0,21.85928644,0.0,5.46482161,7.61151512,3.77525468,0,4,1,1,60.0,1.0,443.0,336.0,0.0,21859286439.999996,4,0,4
1QRACw3ctnpiTFMGToMJu5dQ8Z,13,5,8,65.45594524,115.73634713,13.09118905,3.61676085,17.16305367,15.89092446,0,13,5,6,60.0,1.0,232.75,0.0,0.56556084,1.76815638,13,5,8
1QYfVCxXecPPBvzHpvm6K2R4Bw,7,2,5,9.643704,21.91644918,4.821852,4.38328984,7.8206082,6.17997886,0,7,4,4,60.0,1.0,223.33333333,21.0,0.44002128,2.27261737,7,2,5
1QkpkHeRuhQ7kFX2gycMgFi5hu,3,0,3,0.0,2.53538823,0.0,0.84512941,1.36254335,0.13820772,0,3,3,3,60.0,1.0,22008.0,15075.0,0.0,2535388229.9999995,3,0,3
1RiYdfX3CJSAgfkmS3SyyNmG4p,5,2,3,4.29835691,12.41964264,2.14917845,4.13988088,5.66677125,3.81436465,0,5,3,2,60.0,1.0,279.5,21.0,0.34609345,2.88939306,5,2,3
1RjJjwjQx72KxyiRFRZn7zMYxf,31,14,17,269.90643826,300.38127372,4.49844064,3.85104197,8.30347695,3.26511364,0,30,9,12,60.0,1.0,87.66666667,1.0,0.89854615,1.11290889,31,14,17
1RrVGp3DWpr7ajEXRkLMBho3pc,8,0,8,0.0,59.08631309,0.0,7.38578914,10.95887844,9.24445102,0,8,1,1,60.0,1.0,243.71428571,62.0,0.0,59086313089.99999,8,0,8
1S5f7kufruRMYij46Eu9yezqht,29,12,17,264.86181305,346.69559664,4.9973927,4.22799508,8.08057407,2.66041886,0,29,8,11,60.0,1.0,121.89285714,0.0,0.76396071,1.30896784,29,12,17
1S5yWxKrwLM6cW1QDKdsLpgGWQ,17,3,14,33.80550767,185.14740317,11.26850256,3.77851843,16.80527146,8.77693736,0,17,7,8,60.0,1.0,255.375,5.0,0.18258699,5.47684138,17,3,14
1SCnfzehvmmVgPLNuDnqjtb6qq,26,16,10,369.62322926,162.68538085,4.62029037,3.46139108,7.82496984,2.90412808,0,25,8,10,60.0,1.0,122.36,0.0,2.27201256,0.44013841,26,16,10
1SZNjBbfVPzMcMwQTqhUuoMfGd,38,17,21,400.49838233,408.55162466,4.76783788,4.00540808,9.0735264,3.04161826,0,38,9,10,60.0,1.0,74.48648649,0.0,0.98028831,1.02010805,38,17,21
1ScMwJaWx1smgeasT8TAAdeeq7,6,4,2,13.26740079,8.00401144,3.3168502,4.00200572,6.13730986,3.49752168,0,6,2,3,60.0,1.0,197.4,60.0,1.65759393,0.60328406,6,4,2
1SyLruKWBUKg4mazAWviV6oZ8C,27,18,9,454.28439502,202.13770105,5.34452229,4.49194891,7.93385124,2.62695567,0,27,9,9,60.0,1.0,127.07692308,0.0,2.24740062,0.4449585,27,18,9
1TLXs5QHGohYfgDW79L1SNvgRt,15,4,11,76.64721415,130.66897136,19.16180354,3.11116598,24.83130027,25.9904028,0,15,7,7,60.0,1.0,289.14285714,92.0,0.58657548,1.70481045,15,4,11
1TLstYQWms3N6vqA4JrS5bXCDz,6,0,6,0.0,34.41107513,0.0,5.73517919,9.89161123,9.54341097,0,6,1,1,60.0,1.0,281.8,12.0,0.0,34411075130.0,6,0,6
1TeLszoxmh2fXHisredFo4eXBa,9,5,4,3.63004698,3.34745068,0.7260094,0.83686267,1.46265872,0.15090142,0,9,3,5,60.0,1.0,8646.625,404.0,1.08442135,0.92215079,9,5,4
1U7ppQt9c4eccNj8TPxjqUxo4K,5,2,3,0.87846555,3.02856305,0.43923278,1.00952102,1.2715766,0.10538817,0,5,4,4,60.0,1.0,14769.0,621.0,0.29006018,3.44756041,5,2,3
1UdSnhTK8S2MBtgWvmQ6Uw7GUe,6,3,3,2.35763557,1.76300752,0.78587852,0.58766917,1.13393088,0.11119135,0,6,3,4,60.0,1.0,13423.0,1598.0,1.3372805,0.74778627,6,3,3
1UsefiMWVVkEZXszspBj6KZjhg,12,5,7,4.58122243,3.72146652,0.91624449,0.53163807,1.29363407,0.13883681,0,12,6,5,60.0,1.0,6784.90909091,552.0,1.2310261,0.81233046,12,5,7
1UshYiMCncmygsPFjeuCRLomK9,20,6,14,77.92914852,223.5865484,12.98819142,3.92257102,21.18421613,15.73707534,0,19,7,8,60.0,1.0,243.94736842,2.0,0.34854131,2.86910036,20,6,14
1VCk5CCpZ8R3UJcH9BewH1NWnA,13,6,7,23.71117087,30.96614505,3.95186181,4.42373501,7.5262084,4.86012129,0,12,7,5,60.0,1.0,111.33333333,10.0,0.76571271,1.30597284,13,6,7
1VLQTHAL11auqw9PKXb1mYqXL1,5,0,5,0.0,37.59435766,0.0,7.51887153,11.73429853,11.19443865,0,5,1,1,60.0,1.0,207.5,54.0,0.0,37594357660.0,5,0,5
1VVS1o3Kf2a9yL1LFEwM2rumuJ,36,18,18,424.01445028,375.34088983,4.46331,3.86949371,7.96600703,2.54863945,0,36,9,11,60.0,1.0,94.62857143,0.0,1.12967828,0.88520778,36,18,18
1W4BdUuoSY2RkUCPECJJVyA3gg,18,3,15,42.28840035,232.4198525,14.09613345,4.00723884,20.66661766,10.0454653,0,17,8,8,60.0,1.0,230.47058824,0.0,0.18194831,5.49606631,18,3,15
1WGEeP44KYfyvikXKb1w7U9yHo,6,3,3,2.17417429,1.67812842,0.72472476,0.55937614,1.0630349,0.04187239,0,6,4,4,60.0,1.0,9440.8,10.0,1.2955947,0.77184632,6,3,3
1WNcrgfXnjQnV87qjF1NPvhtKc,6,1,5,7.65656993,19.15778178,7.65656993,3.83155636,7.65656993,4.22238151,0,6,5,4,60.0,1.0,254.4,42.0,0.39965848,2.50213633,6,1,5
1WZZ6SQZ1jGwtgkBqZ9VBCddjx,5,0,5,0.0,17.95069854,0.0,3.59013971,7.93377284,5.32997314,0,5,3,4,60.0,1.0,320.25,168.0,0.0,17950698540.0,5,0,5
1WbiPLHQZyYW7toXqvMEQMT3dx,17,4,13,41.09209082,147.5584672,10.2730227,3.07413473,18.45746809,8.09650151,0,17,6,8,60.0,1.0,304.375,0.0,0.27848006,3.59092137,17,4,13
1WwBKrPfd9Z7Suns7Mci5sLbWS,31,13,18,284.71483545,367.39396183,4.66745632,4.08215513,9.0735264,3.46502315,0,29,9,11,60.0,1.0,100.06666667,0.0,0.77495785,1.29039276,31,13,18
1XFw7PwcQ8qJdFtUwcruggkic2,5,0,5,0.0,4.58476794,0.0,0.91695359,1.36744037,0.11257776,0,5,4,4,60.0,1.0,11416.5,285.0,0.0,4584767940.0,5,0,5
1XPX7VomVM5L3tn82wNi7ktBpG,20,4,16,52.89317258,242.30290667,13.22329314,4.57175296,18.10997487,13.54690092,0,20,8,9,60.0,1.0,236.21052632,3.0,0.2182936,4.58098645,20,4,16
1Xhpjj5khbteLg4zNbr1XWZzXd,31,11,20,190.22835819,394.89161734,4.04741188,4.24614642,10.11168607,3.75231139,0,31,9,11,60.0,1.0,117.83333333,0.0,0.48172296,2.07588196,31,11,20
1XoxaLrMArx7uak9Eo3WRnxa81,40,18,22,320.40484279,406.50236777,4.57721204,3.76391081,8.50185659,3.4449891,0,40,9,12,60.0,1.0,87.92307692,0.0,0.7881992,1.26871481,40,18,22
1Y7AbrUEgi7VnH7355doHrV2zY,4,3,1,70.75040617,36.43204401,23.58346872,36.43204401,36.43204401,77.26892876,0,4,2,2,60.0,1.0,1346.33333333,416.0,1.94198289,0.5149376,4,3,1
1YVM8Ypi27ST3cc1u6sfghLyZc,10,3,7,17.19090055,35.21347734,5.73030018,5.03049676,7.83602649,3.79776476,0,10,7,5,60.0,1.0,194.88888889,4.0,0.48819094,2.04837886,10,3,7
1YwUisNdw7za3FEzxmydXJ35kJ,18,4,14,68.57763853,177.67818363,17.14440963,3.01149464,21.2496358,14.853543,0,16,7,6,60.0,1.0,271.64705882,0.0,0.38596544,2.59090554,18,4,14
1Ywmk7xF9LpVruMJoTfi6DVEuT,10,4,6,18.37837568,27.18888311,4.59459392,4.53148052,7.83339497,3.49094082,0,10,4,6,60.0,1.0,145.66666667,28.0,0.67595184,1.47939533,10,4,6
1ZAvU6FuVyP2T4SZQGR6QF2M7v,4,3,1,2.3095077,1.40430641,0.7698359,1.40430641,1.40430641,0.19056872,0,4,2,2,60.0,1.0,16360.33333333,15407.0,1.64458959,0.60805444,4,3,1
1ZS9rwayd2CDyvDv4G3W4QnDJQ,5,4,1,21.67007134,1.12194079,5.41751783,1.12194079,7.68682246,7.00405705,0,5,2,2,60.0,1.0,369.25,191.0,19.31480835,0.05177375,5,4,1
1ZYrpVy6RgKWhAxBhtNThgdSw5,2,0,2,0.0,9.15233251,0.0,4.57616626,7.00282367,5.88866621,0,2,1,1,60.0,1.0,801.0,801.0,0.0,9152332510.0,2,0,2
1ZdzatdkgA8qVCBEtD93U6kUDu,5,2,3,12.38139538,13.65088864,6.19069769,4.55029621,6.89552084,1.85041349,0,5,4,4,60.0,1.0,377.75,108.0,0.90700289,1.10253233,5,2,3
1ZpacemdFVQSWrkemZAP2X7KT6,19,3,16,44.73531942,189.64124943,14.91177314,3.21425846,19.83068078,11.56886712,0,18,7,9,60.0,1.0,287.0,31.0,0.23589446,4.23918398,19,3,16
1aHRFaSPuxPYsXyf1Zy9VBF5Zi,2,0,2,0.0,7.8351451,0.0,3.91757255,5.11584836,1.43586492,0,2,1,1,60.0,1.0,237.0,237.0,0.0,7835145100.0,2,0,2
1aqGz4twttfSjMk9o2iYKHTSRp,4,3,1,16.20785601,4.51441794,5.40261867,4.51441794,6.51187457,1.9843613,0,4,1,2,60.0,1.0,182.0,152.0,3.59024269,0.2785327,4,3,1
1arjpL2dqLhzEMDDKJbMrVj8JA,28,15,13,305.39959609,255.00893087,4.49117053,4.04776081,8.15148426,3.25165827,0,28,9,10,60.0,1.0,126.40740741,0.0,1.19760353,0.83500088,28,15,13
1augSe71ZjvvQciffKLk7X5NJh,5,2,3,8.43987326,16.59671052,4.21993663,5.53223684,7.21932742,2.32417996,0,5,4,4,60.0,1.0,424.5,29.0,0.50852687,1.96646443,5,2,3
1axU1KtVRkMak37bhPwUgiwJNJ,19,11,8,220.35441278,169.75131736,4.59071693,5.65837725,10.11168607,4.32979381,0,18,8,8,60.0,1.0,148.77777778,0.0,1.29810134,0.77035588,19,11,8
1bEEbaqHcXgoAmmj2Rezja3HB4,26,16,10,328.9141869,194.92728337,4.44478631,4.06098507,7.73515828,2.85367717,0,26,8,8,60.0,1.0,100.84,0.0,1.68736865,0.59263872,26,16,10
1cFeF15nh4F5z3xN5ZGJjYEb9o,4,2,2,0.57682831,0.69514686,0.28841416,0.34757343,0.40507369,0.00768789,0,4,3,2,60.0,1.0,22244.66666667,897.0,0.82979345,1.20511918,4,2,2
1cGw8W9tWjacfMqzVguozZUvcV,7,5,2,3.27655191,2.25736027,0.65531038,1.12868014,1.3012049,0.12634939,0,7,2,3,60.0,1.0,12264.83333333,1030.0,1.45149711,0.68894384,7,5,2
1cUSGBnpiRvRFH6UhGaqtgtmkJ,4,0,4,0.0,23.62930482,0.0,5.90732621,7.89439522,6.59243162,0,4,1,1,60.0,1.0,593.66666667,22.0,0.0,23629304820.0,4,0,4
1cUveXZrCmeCou97RjffyMZyRT,8,4,4,12.26111541,24.18864378,3.06527885,6.04716094,7.12392517,2.99569406,0,8,3,4,60.0,1.0,191.14285714,3.0,0.50689553,1.97279309,8,4,4
1cffofKrm2wwjyLEafZDpSKi4s,12,1,11,5.25428055,162.07642119,5.25428055,4.05191053,9.45747935,4.68443879,0,12,7,6,60.0,1.0,354.36363636,29.0,0.03241854,30.84654876,12,1,11
1dA4BHCaSfdh2yoojuK6EVfXxX,1,0,1,0.0,1.28607918,0.0,1.28607918,1.28607918,0.0,0,1,1,1,60.0,1.0,0.0,0.0,0.0,1286079180.0,1,0,1
1dg4gp7qEhEHj6BGCc5B1TVmfX,6,2,4,2.30614225,2.54365387,1.15307113,0.63591347,1.25611321,0.13887618,0,6,4,3,60.0,1.0,8639.6,820.0,0.90662581,1.10299088,6,2,4
1doha6XomfsnKUfwMHadgP9gdY,29,15,14,311.2119767,301.38644086,4.32238857,4.49830509,8.35756693,3.42182524,0,29,9,12,60.0,1.0,116.0,0.0,1.03260112,0.96842816,29,15,14
1eXvWJ1oUpxGGMUeFzeAdz1T33,5,2,3,59.6097456,63.14390354,29.8048728,21.04796785,30.7780072,42.07042938,0,5,4,4,60.0,1.0,1258.5,504.0,0.9440301,1.05928826,5,2,3
1f4LjpjpC81n9m1BYPaasuoHBQ,10,6,4,83.73506656,69.34563029,13.95584443,4.07915472,23.62428174,30.62710082,0,10,4,5,60.0,1.0,341.88888889,85.0,1.20750314,0.82815519,10,6,4
1f5kxGS8ydGef3g6TjedaMHEjn,7,3,4,3.12790489,3.35054153,1.04263496,0.83763538,1.46180865,0.16723395,0,7,4,4,60.0,1.0,11704.66666667,5041.0,0.93355204,1.07117756,7,3,4
1fWaHcx1ko8kybqJriN8KUBW1o,7,3,4,2.99354029,4.54760603,0.99784676,1.13690151,1.49213565,0.07518869,0,7,3,5,60.0,1.0,9263.0,435.0,0.65826729,1.51913974,7,3,4
1fjzvEfh8n86wf9RjqzidtCz8m,8,3,5,66.66715082,141.27757065,22.22238361,28.25551413,34.74504726,67.02295141,0,8,6,5,60.0,1.0,663.71428571,168.0,0.47188772,2.11914817,8,3,5
1fknx4Gp3SVFbEqxr49ZKFuodM,14,2,12,30.10429263,181.29168706,15.05214632,3.94112363,17.70548751,13.043232,0,14,6,8,60.0,1.0,243.07692308,0.0,0.16605446,6.02212081,14,2,12
1gDt9NnCtwxM42AenAr8waxQ5Q,20,3,17,16.68883934,239.49298607,5.56294645,3.52195568,9.45747935,5.27673004,0,20,8,8,60.0,1.0,239.36842105,10.0,0.06968404,14.35048784,20,3,17
1gNqh44PiAmbs79YFMcsiqPtzV,5,0,5,0.0,41.69992893,0.0,8.33998579,11.85569206,4.9398251,0,5,1,1,60.0,1.0,417.75,122.0,0.0,41699928929.99999,5,0,5
1gozfNvd3ux263irdHiErdTgh2,5,2,3,0.14713432,1.59322877,0.07356716,0.53107626,1.01496353,0.12517573,0,5,3,4,60.0,1.0,14711.75,2889.0,0.09234978,10.8283966,5,2,3
1hDgHkqorjkv9h7zhi3LsV3eQo,4,2,2,1.4448043,0.47006206,0.72240215,0.23503103,1.10537042,0.1434326,0,4,3,2,60.0,1.0,23691.33333333,4739.0,3.07364585,0.32534653,4,2,2
1hK6Xw8LsSXYzjH6ibRCQyRQCV,7,2,5,5.8515151,21.45439639,2.92575755,4.29087928,6.78214488,2.05855782,0,7,5,5,60.0,1.0,274.5,42.0,0.27274201,3.6664686,7,2,5
1hbbgAJ6L6ZEtAbMSehqviki5L,22,6,16,100.21733309,218.74609005,16.70288885,3.41790766,24.45731282,22.47609282,0,22,9,8,60.0,1.0,214.66666667,4.0,0.45814457,2.18271713,22,6,16
1hi6QbwN6vWqrKiDCc3RjDLmRz,5,3,2,63.70773895,42.29487767,21.23591298,21.14743884,32.70085942,91.1124042,0,5,3,2,60.0,1.0,815.5,180.0,1.50627552,0.66388917,5,3,2
1iBVPoEhpATgkVxE6z79q8eoRP,14,4,10,73.53678713,172.59280995,18.38419678,4.31482025,24.84981177,25.06311999,0,14,6,6,60.0,1.0,327.07692308,35.0,0.42607098,2.3470268,14,4,10
1iM87aj53v9Cx3D7YD73divRjY,3,0,3,0.0,21.53101227,0.0,7.17700409,8.72618765,2.19584464,0,3,1,1,60.0,1.0,148.5,72.0,0.0,21531012269.999996,3,0,3
1iWAH9GpcbHpeUzeSQF9ZY6q4x,11,6,5,5.11318157,3.37362495,0.85219693,0.67472499,1.3105272,0.12508725,0,11,4,5,60.0,1.0,6847.6,1481.0,1.51563426,0.65978978,11,6,5
1jVohBEdovP4iHqu84BWSXLXpq,30,16,14,361.61555202,271.02461149,4.75809937,3.61366149,8.08057407,3.3485915,0,30,9,11,60.0,1.0,115.34482759,2.0,1.33425356,0.74948273,30,16,14
1jXcBHaxfUEbqomDnLSjiQVzaV,3,1,2,1.17969264,1.20402421,1.17969264,0.60201211,1.17969264,0.08526456,0,3,3,3,60.0,1.0,25599.0,25389.0,0.97979146,1.02062535,3,1,2
1jaFTLJ4ceypChkUcY4PijRsaM,12,4,8,52.80685536,112.62954149,13.20171384,3.51967317,19.46471566,15.71049549,0,12,6,5,60.0,1.0,347.0,0.0,0.46885439,2.13285833,12,4,8
1k7YnV5z6MfA59JghecnMRfaKW,13,6,7,4.63243438,5.65614342,0.7720724,0.80802049,1.40600992,0.07204273,0,13,6,5,60.0,1.0,5459.08333333,12.0,0.81900936,1.22098727,13,6,7
1k8b1iog5qpe3mw5PZ7KskLf6K,8,5,3,31.50107291,19.39616285,6.30021458,6.46538762,7.65875425,0.84066837,0,8,3,3,60.0,1.0,161.85714286,2.0,1.62408788,0.61573023,8,5,3
1kLunmf3EvwMA6nGPSZ4kLHuC2,11,1,10,20.5784915,140.34975191,20.5784915,3.89860422,20.5784915,13.35604396,0,11,6,5,60.0,1.0,416.6,0.0,0.14662293,6.82021575,11,1,10
1kQbziP4SJD8wuW6jEihf24sNG,8,6,2,6.84493712,0.74218222,1.14082285,0.37109111,1.43266151,0.14546453,0,8,3,3,60.0,1.0,8576.28571429,2557.0,9.22271773,0.10842791,8,6,2
1koSVqfdZ6FUKsSA9N6Xdp4cSH,31,19,12,403.02818961,248.40842141,4.6863743,3.82166802,7.97961162,3.09978102,0,30,8,12,60.0,1.0,110.36666667,2.0,1.62244173,0.61635495,31,19,12
1ktSoBvW9gb2Sedj26iU9xWC4H,7,5,2,4.63860504,1.43021805,0.92772101,0.71510903,1.3323525,0.12939599,0,7,2,3,60.0,1.0,13306.66666667,1618.0,3.2432852,0.30832934,7,5,2
1m8D2VMTATmETZrgXxwpo4n9aE,6,5,1,5.19929547,0.27011622,1.03985909,0.27011622,1.18629204,0.10839113,0,6,2,2,60.0,1.0,14492.8,2010.0,19.24836454,0.05195247,6,5,1
1mAEmkh1LTj7jaJgfm9Tvz7Zog,4,2,2,6.40210904,5.06276936,3.20105452,2.53138468,3.78065983,0.4954249,0,4,3,3,60.0,1.0,150.66666667,29.0,1.26454685,0.79079712,4,2,2
1mAZRTf9dRUCYhbmiCcBYK9CMv,13,6,7,61.72463524,96.67055534,10.28743921,3.33346743,14.85008428,13.43392217,0,13,5,6,60.0,1.0,385.08333333,114.0,0.63850502,1.56615839,13,6,7
1mNzSd1ZnrYXUSworts5bF1Rmu,1,0,1,0.0,28.83047223,0.0,28.83047223,28.83047223,0.0,0,1,1,1,60.0,1.0,0.0,0.0,0.0,28830472230.0,1,0,1
1mfpLosdH4hXeBd4jKtpg2KY69,36,16,20,332.92087082,396.60895473,4.75601244,4.00615106,11.00751624,3.17900254,0,36,9,12,60.0,1.0,90.57142857,0.0,0.83941844,1.19130097,36,16,20
1nu8jFTtNo8XkXXEeBivT2G39d,100,100,0,659.0344737,0.0,6.59034474,0.0,11.99336806,11.25620026,0,94,1,1,60.0,1.0,26.42424242,0.0,659034473700.0,0.0,100,100,0
1nxkarpdodFjxNaammg7UjoGXP,8,3,5,10.44086667,16.64264023,3.48028889,3.32852805,5.52808311,2.39338687,0,8,4,5,60.0,1.0,107.71428571,12.0,0.62735639,1.5939903,8,3,5
1o2eZB8Qnis3RyhHrbg4f4j7iv,5,2,3,2.31620692,9.85995734,1.15810346,3.28665245,6.76181352,5.06395646,0,5,4,3,60.0,1.0,353.75,111.0,0.23491044,4.25694149,5,2,3
1oFbRDDajGdhCcpcTp7rhdPkWm,33,9,24,178.83199226,515.55985095,4.70610506,4.91009382,9.18533385,2.8351855,0,33,9,11,60.0,1.0,83.125,0.0,0.34686951,2.88292852,33,9,24
1oRakgxhkFTGdAULfNVb9Ei9eb,21,8,13,182.40111185,276.60405071,4.80002926,4.53449263,11.00751624,5.03561841,0,19,9,11,60.0,1.0,169.95,0.0,0.65943037,1.51646033,21,8,13
1pCYaRc8HrHnVEgKmYD89w5VCz,7,4,3,3.04618304,1.54471613,0.76154576,0.51490538,1.29986279,0.16612945,0,7,3,4,60.0,1.0,10130.66666667,2970.0,1.97200183,0.50709892,7,4,3
1pJGF9p7kpzb6eU326EFZf2cDn,4,1,3,1.35661953,2.63971992,1.35661953,0.87990664,1.35661953,0.1694371,0,4,3,3,60.0,1.0,12635.0,2483.0,0.51392556,1.9458071,4,1,3
1pSstwbKhALkysxoiQ1cxcA831,3,0,3,0.0,12.55833152,0.0,4.18611051,7.49310435,5.56843871,0,3,3,3,60.0,1.0,686.5,210.0,0.0,12558331519.999998,3,0,3
1pTa8p5XVrQZe7VZFg3osxjaLW,7,4,3,4.46216664,1.50812833,1.11554166,0.50270944,1.48179981,0.18998431,0,7,2,4,60.0,1.0,9415.83333333,2160.0,2.95874466,0.33798118,7,4,3
1peGG4jzaFhF47TNnX7kr91cBT,7,3,4,1.88343501,3.26476014,0.62781167,0.81619003,1.24513115,0.07657856,0,7,3,5,60.0,1.0,10705.33333333,2351.0,0.57689843,1.73340738,7,3,4
1pmPe2nmPddAdDvtyYbLCY364F,11,0,11,0.0,127.40013788,0.0,2.76956821,8.57728499,3.03275694,0,10,6,6,60.0,1.0,299.7,6.0,0.0,127400137880.0,11,0,11
1puN5cCXMPEzdJCpkDYpDGpGxH,4,0,4,0.0,27.35427456,0.0,6.83856864,10.42469212,14.07556132,0,4,1,1,60.0,1.0,253.66666667,137.0,0.0,27354274560.0,4,0,4
1qtBmUNJAEqN76R7PwPfHt3oWb,9,4,5,3.40935463,4.27512773,0.85233866,0.85502555,1.37868341,0.11143831,0,9,4,4,60.0,1.0,7714.25,549.0,0.79748603,1.25394046,9,4,5
1r786kjYg1qwb3wXQgMYzyzdxJ,4,0,4,0.0,31.40889686,0.0,7.85222422,10.20920264,7.38084305,0,4,1,1,60.0,1.0,454.66666667,362.0,0.0,31408896860.0,4,0,4
1r8MF7GpTxDRzF5XeY4yUAEgWC,7,3,4,67.99569811,98.02523788,22.6652327,24.50630947,34.60656226,78.81192956,0,7,4,5,60.0,1.0,1068.5,48.0,0.69365502,1.44163882,7,3,4
1rSxZu1jxbWT4DaQgqYhVq4EJc,9,6,3,5.98902961,3.43529639,0.9981716,1.1450988,1.43054566,0.08409826,0,9,4,4,60.0,1.0,9648.5,298.0,1.74338075,0.57359816,9,6,3
1s7o14RVoTByTYyRPbR7vXsxdi,16,3,13,33.74600284,167.48402439,11.24866761,3.16007593,19.54072397,9.66415282,0,15,6,8,60.0,1.0,326.13333333,10.0,0.20148789,4.96307741,16,3,13
1sZgBRcR3rBNdxjxABxACrn4TL,29,13,16,321.14770141,305.51990087,5.01793283,3.72585245,8.35756693,3.09332619,0,29,8,11,60.0,1.0,81.78571429,0.0,1.0511515,0.95133765,29,13,16
1sbyQaZJvBHuXtKpxNt8W5AqFx,5,2,3,1.81852804,1.67493398,0.90926402,0.55831133,1.11145178,0.15211489,0,5,4,4,60.0,1.0,7468.5,129.0,1.08573118,0.9210383,5,2,3
1t99TfmypZLvmcxMnpchEDEgnK,4,3,1,15.26351877,7.48534023,5.08783959,7.48534023,7.48534023,4.59330756,0,4,2,2,60.0,1.0,314.0,143.0,2.03912158,0.49040725,4,3,1
1tMTQ7AUieHHwbUdQgJkSqETcs,2,0,2,0.0,11.53958008,0.0,5.76979004,9.90386126,17.09054485,0,2,1,1,60.0,1.0,313.0,313.0,0.0,11539580079.999998,2,0,2
1tUXb3ZPSxkrCW8maWMm11kERe,5,0,5,0.0,19.27291731,0.0,3.85458346,6.14911548,2.86513988,0,5,1,1,60.0,1.0,216.75,26.0,0.0,19272917310.0,5,0,5
1tgFhd7YANp5GPMBhy6unjhoyN,17,3,14,53.73034355,215.38326814,17.91011452,4.3955769,21.52965174,15.67809374,0,17,8,8,60.0,1.0,269.875,24.0,0.24946387,4.00859652,17,3,14
1tkSLW5m4BVTXWENfAMxnMoxPS,8,4,4,2.62922308,3.17919414,0.65730577,0.79479854,1.28741688,0.1544539,0,8,3,5,60.0,1.0,10344.0,2787.0,0.82700929,1.20917626,8,4,4
1ttmu7VYG6cq1moTE9PKGi62Xj,4,2,2,32.7929652,50.78666631,16.3964826,25.39333316,27.387034,22.90243198,0,4,3,3,60.0,1.0,1170.33333333,781.0,0.64570029,1.54870613,4,2,2
1uHXvh7VpNHQQcctHP2T8PxkfD,4,0,4,0.0,27.89182517,0.0,6.97295629,11.95056216,19.70795459,0,4,1,1,60.0,1.0,225.33333333,161.0,0.0,27891825170.0,4,0,4
1uHbQW1rhZRoCy2gwQrgGMo5jb,3,0,3,0.0,15.90296198,0.0,5.30098733,9.64774194,9.65706319,0,3,1,1,60.0,1.0,877.5,578.0,0.0,15902961980.0,3,0,3
1uu78YftgF5tDUNtvpkSM8kdb9,3,2,1,47.32505796,25.89209915,23.66252898,25.89209915,29.80463635,26.25498488,0,3,2,2,60.0,1.0,2902.0,1058.0,1.82777988,0.54711183,3,2,1
1v8aALBBMnFPazKw6HDhcJ9hLg,6,3,3,2.06678012,2.03438226,0.68892671,0.67812742,1.17921591,0.16365992,0,6,3,3,60.0,1.0,10716.0,124.0,1.01592516,0.98432448,6,3,3
1vXmv9qnXVg1z62HEvAcofaU8r,10,5,5,3.05785344,3.2514913,0.61157069,0.65029826,1.4060535,0.14822846,0,10,5,5,60.0,1.0,8680.77777778,40.0,0.94044645,1.06332477,10,5,5
1vcePPuJFfDWSd1HCTZ7c5ZKN8,3,0,3,0.0,27.35448849,0.0,9.11816283,10.20042677,1.41660203,0,3,1,1,60.0,1.0,354.5,236.0,0.0,27354488490.0,3,0,3
1wB7TeXtdkVCgRrPg2xkyvoz9X,7,5,2,26.48907624,10.72698264,5.29781525,5.36349132,7.47843986,4.06498077,0,7,2,2,60.0,1.0,246.5,88.0,2.46938744,0.40495873,7,5,2
1wYsNzkq437hsvW28wBVW1UDm9,13,1,12,16.52095519,204.49235562,16.52095519,3.9325453,16.52095519,6.32139467,0,13,8,8,60.0,1.0,384.58333333,62.0,0.08079009,12.37775621,13,1,12
1xUm9X5FR6ot77MQyL9Rruqx9i,12,3,9,34.42487118,157.44297975,11.47495706,4.25521567,16.01603649,10.03024348,0,12,5,7,60.0,1.0,346.90909091,30.0,0.21864977,4.57352415,12,3,9
1xW5kFHsshejtDU8bFiAJuA54B,8,5,3,2.639096,1.4439978,0.5278192,0.4813326,1.19808067,0.09352813,0,8,3,3,60.0,1.0,7994.85714286,4015.0,1.82763159,0.54715622,8,5,3
1xYahMfRgSe8PPwWgCukntLge6,14,3,11,40.69612825,134.82153838,13.56537608,3.64382536,17.51455388,11.82666795,0,14,7,8,60.0,1.0,334.07692308,62.0,0.30185183,3.31288366,14,3,11
1xr4xiNJ8tQUySpVzRNCYmYQta,5,1,4,0.92712703,2.92242735,0.92712703,0.73060684,1.12066726,0.14624796,0,5,3,4,60.0,1.0,17330.75,5667.0,0.31724554,3.15213262,5,1,4
1xwV7aW1oATxiA5XsHNgmSi6wN,11,6,5,3.87072085,3.05132337,0.64512014,0.61026467,1.26254169,0.22230849,0,11,4,4,60.0,1.0,7547.2,967.0,1.26853839,0.78830882,11,6,5
1y9H8y7pcAJKfEnNEkhwHZYHzw,7,4,3,2.65101836,3.10781251,0.66275459,1.0359375,1.13273098,0.08140634,0,7,3,4,60.0,1.0,9456.0,1898.0,0.85301747,1.17230893,7,4,3
1yHCeH37fUPosMUfZ8RzdDH3nU,9,5,4,4.26590633,1.85733853,0.85318127,0.46433463,1.30330766,0.17909877,0,9,4,5,60.0,1.0,9052.0,377.0,2.29678449,0.43539131,9,5,4
1yRJqvTHv6X2pb4PFi5ri3q2GD,12,5,7,3.81864365,5.90714414,0.76372873,0.84387773,1.29323236,0.07832922,0,12,5,5,60.0,1.0,6944.27272727,1719.0,0.64644498,1.54692207,12,5,7
1ybi4a3vw5uj4q1T9vhF5nA1EZ,19,4,15,43.05703338,224.14853047,10.76425835,3.93243036,20.5720265,8.94274324,0,18,8,9,60.0,1.0,252.55555556,9.0,0.19209153,5.2058517,19,4,15
1yh5o5z2wZh2ueeSreE3cHbzbX,10,5,5,21.58247209,20.1621407,4.31649442,4.03242814,7.52987639,4.74402324,0,10,5,6,60.0,1.0,150.33333333,7.0,1.07044547,0.93419051,10,5,5
1ysbZq86Xj9zfbu1zrkiUaTQx3,3,0,3,0.0,31.39764684,0.0,10.46588228,11.61053464,0.83860083,0,3,1,1,60.0,1.0,520.0,126.0,0.0,31397646840.0,3,0,3
1zZVt4W9ZTWd4cWktLo2SHu1pE,18,6,12,67.74439511,183.5897724,11.29073252,4.17249483,21.89443017,14.23877712,0,18,7,8,60.0,1.0,284.23529412,15.0,0.36899874,2.71003634,18,6,12
1ztrJ4tXaPreFB7GjGJbusp4qF,23,4,19,45.9276771,242.44144194,11.48191927,3.51364409,21.77171628,11.92694499,0,22,8,8,60.0,1.0,214.59090909,7.0,0.18943823,5.2787656,23,4,19
36QjziB4ShLomqFUi6n71EX59e,20,7,13,126.53460181,191.43024583,18.07637169,3.98813012,23.25838661,30.7633202,0,20,7,10,60.0,1.0,269.73684211,26.0,0.66099587,1.51286876,20,7,13
38xKx2GUmeShMnRSRUbEjCX9Dc,25,12,13,246.4321673,212.39278886,4.40057442,3.72618928,7.82953254,2.9640907,0,25,9,11,60.0,1.0,117.0,0.0,1.16026617,0.8618712,25,12,13
3B5u3LKWoafaNUyk9NzYPqDBtS,4,2,2,12.84670702,10.55559031,6.42335351,5.27779515,7.29584952,1.02212596,0,4,3,2,60.0,1.0,244.33333333,205.0,1.21705245,0.82165728,4,2,2
3CeUhuY6XPTNMj7wBNTmYKjSuq,7,5,2,3.24369387,2.14381213,0.64873877,1.07190606,1.49827344,0.12926259,0,7,3,2,60.0,1.0,10989.0,1437.0,1.5130495,0.66091691,7,5,2
3D3sfZamFgBk3QGi1B6JrSPjSS,4,0,4,0.0,27.19329214,0.0,6.79832303,11.28541357,15.00684476,0,4,1,1,60.0,1.0,485.66666667,19.0,0.0,27193292139.999996,4,0,4
3GwFLwnAtW4cTTca9RGHENi6Vw,6,3,3,44.99135436,54.28956423,14.99711812,4.17612033,19.08251407,20.76301269,0,6,3,4,60.0,1.0,781.6,117.0,0.82872933,1.20666659,6,3,3
3JsS6QSWdGmFLkuw6iwiq36SRR,16,1,15,15.18786838,204.35033241,15.18786838,3.71546059,15.18786838,8.63961737,0,16,9,8,60.0,1.0,262.53333333,4.0,0.0743227,13.45483957,16,1,15
3KHowjfxAN6ejAPLimjS9fn6Lc,5,5,0,3.75262177,0.0,0.75052435,0.0,1.49264684,0.34279314,0,5,1,1,60.0,1.0,15253.25,3227.0,3752621769.9999995,0.0,5,5,0
3KUmoscjnYADKE4epb4pM44eXZ,13,7,6,3.87841284,4.30622893,0.55405898,0.71770482,1.37840282,0.1452764,0,13,6,5,60.0,1.0,6846.25,912.0,0.9006518,1.110307,13,7,6
3LdPrnSp9wxj8pFVsmB7EZSsNt,3,0,3,0.0,30.07736644,0.0,10.02578881,11.91898859,2.06948158,0,3,1,1,60.0,1.0,902.5,594.0,0.0,30077366439.999996,3,0,3
3MfmDXMCSMKpmhYdsGMRJusSQ8,17,4,13,72.77526516,225.03532972,18.19381629,4.32760249,24.72841156,20.32866886,0,17,8,6,60.0,1.0,251.875,7.0,0.32339484,3.09219526,17,4,13
3NP1CxAdjS5Aph26paERTWNBQL,10,5,5,4.83580253,2.80670873,0.96716051,0.56134175,1.34126326,0.22892305,0,10,5,5,60.0,1.0,7337.22222222,503.0,1.7229442,0.58040185,10,5,5
3PzVgJyo6QuNC8SSWJvRmwXtTi,7,5,2,20.51084859,7.88996975,4.10216972,3.94498488,5.57640267,1.20802964,0,7,2,2,60.0,1.0,193.0,17.0,2.59961055,0.384673,7,5,2
3R5NEumeUsUdsNbmGCjj5pndvY,31,17,14,358.28986714,302.51226597,4.31674539,4.3216038,7.97961162,2.88942002,0,29,9,11,60.0,1.0,91.9,0.0,1.18438129,0.84432269,31,17,14
3SidDcgpaGG5JrUMkd68jTUQPD,29,12,17,239.54037485,309.36917068,4.27750669,3.72733941,7.62708761,2.52431946,0,28,8,10,60.0,1.0,88.96428571,0.0,0.77428651,1.29151159,29,12,17
3TdzWAMxnCr6YNhCMh41VJEqrB,6,4,2,22.74884599,12.72561821,5.6872115,6.36280911,7.29115867,1.88595195,0,6,2,2,60.0,1.0,198.2,16.0,1.78764172,0.55939621,6,4,2
3TsyNQHeKWw8X4xheeg5XyDZ8x,3,2,1,10.89837734,6.27858059,5.44918867,6.27858059,6.27858059,0.43824899,0,3,2,1,60.0,1.0,429.5,170.0,1.73580273,0.57610233,3,2,1
3UXR13bDoQ1zMqvaD2k1hoGFmy,4,1,3,0.61140118,8.34341274,0.61140118,2.78113758,6.50325277,6.14734239,0,4,3,4,60.0,1.0,316.66666667,3.0,0.07327951,13.64637985,4,1,3
3WYMe1xrwo6oWhjmPw5sbSEUuE,17,5,12,50.50461825,136.57846022,10.10092365,3.5020118,20.09428079,13.19810285,0,17,7,9,60.0,1.0,277.75,37.0,0.36978465,2.70427666,17,5,12
3WibaYy9wZWJDt8NBoWiHnC1pN,3,0,3,0.0,3.27804876,0.0,1.09268292,1.21966393,0.02236884,0,3,3,3,60.0,1.0,27904.5,15741.0,0.0,3278048759.9999995,3,0,3
3WqdqeVkydihgMxhMAV5XVhLsJ,3,3,0,2.11305883,0.0,0.70435294,0.0,1.25482886,0.22099415,0,3,1,1,60.0,1.0,1697.0,928.0,2113058829.9999998,0.0,3,3,0
3YsdcP5snMaFCa5sZBTbbS6PFy,6,4,2,16.24494959,6.32550213,4.0612374,3.16275107,6.9991282,3.10960247,0,6,3,3,60.0,1.0,293.2,20.0,2.56816759,0.38938269,6,4,2
3ZbYV6f3yUpMfH26Fkvxde2qku,8,4,4,2.14059296,2.43725547,0.53514824,0.60931387,1.41366295,0.15480856,0,8,5,4,60.0,1.0,5082.0,1017.0,0.87828009,1.13858894,8,4,4
3bPkrxokitmHgXDGJcLFLrKnEm,5,3,2,3.33724539,1.95213732,1.11241513,0.97606866,1.47246599,0.08456154,0,5,3,2,60.0,1.0,15426.5,3631.0,1.70953414,0.58495468,5,3,2
3buq3qoVbEU7pviqGLx3VHPxu6,14,5,9,90.76635308,137.50974597,18.15327062,4.29717956,24.35851972,31.13671253,0,14,7,7,60.0,1.0,290.23076923,2.0,0.66007215,1.51498591,14,5,9
3cK5RZVqcJugkg897SQsNcQqAD,7,4,3,3.24372875,3.20182869,0.81093219,1.06727623,1.24473166,0.1562067,0,7,3,4,60.0,1.0,11799.5,167.0,1.01308629,0.98708275,7,4,3
3dokMcb2EdkNtysP5AJv2NRhbv,34,18,16,368.27641602,319.50028647,4.49117581,3.94444798,7.78836961,2.84758498,0,32,9,12,60.0,1.0,106.27272727,0.0,1.15266381,0.86755565,34,18,16
3etpqvmd7U9HXrFw6KfybTHD1n,1,0,1,0.0,0.84753427,0.0,0.84753427,0.84753427,0.0,0,1,1,1,60.0,1.0,0.0,0.0,0.0,847534270.0,1,0,1
3gAV3uFDkQAqow68p4GgAxvuK1,24,13,11,314.41316269,219.72944542,4.91270567,4.0690638,8.15148426,3.31469134,0,24,8,10,60.0,1.0,149.08695652,0.0,1.43091046,0.69885575,24,13,11
3iTZ2xrrk1X9iCft1FHftLnniJ,12,10,2,52.78352359,8.83607204,5.27835236,4.41803602,7.78059263,6.59357688,0,12,3,3,60.0,1.0,185.36363636,18.0,5.97364116,0.16740209,12,10,2
3jPZLwBvjycCK7X9pHotcqCkzN,10,7,3,23.1835529,9.32377329,3.31193613,3.10792443,7.63783867,3.66900957,0,10,4,3,60.0,1.0,146.55555556,2.0,2.48649899,0.40217189,10,7,3
3jPn5cbKzLwBnnmhCsQZF8Ds9G,3,3,0,1.63619916,0.0,0.54539972,0.0,0.81161811,0.04359506,0,3,1,1,60.0,1.0,34467.5,29511.0,1636199159.9999998,0.0,3,3,0
3n6ZiC3GnVVaagBQQKRTrNkf4s,11,10,1,7.5618691,0.52169335,0.75618691,0.52169335,1.45285606,0.22465169,0,11,2,2,60.0,1.0,5665.8,1164.0,14.4948543,0.06899,11,10,1
3nEVtKvm5uwssTkY9hLGHjAnUs,17,6,11,67.88183278,132.28788162,11.3136388,3.07646236,21.1736704,14.07568335,0,17,7,6,60.0,1.0,229.5625,8.0,0.5131372,1.94879655,17,6,11
3ndh5YWZQ4YwdBQBHr7zdko8Fp,16,1,15,21.57258764,164.93798365,21.57258764,3.1718843,21.57258764,11.65199751,0,16,7,9,60.0,1.0,279.2,15.0,0.13079211,7.64572088,16,1,15
3nwMn3JT6YyGQVvLEaLC8Qs3rD,29,10,19,243.35837212,388.75270553,4.77173279,4.36800793,8.95298626,3.20004698,0,28,9,11,60.0,1.0,118.21428571,0.0,0.62599789,1.59744948,29,10,19
3peQ36rLMQzRu5qUvc5KX98mxJ,26,15,11,323.58678804,213.17088682,4.68966359,4.53555078,8.30347695,3.51814092,0,26,9,10,60.0,1.0,114.12,0.0,1.51796895,0.658775,26,15,11
3r18kNNSodg2vCDNvNkXXt3i9X,32,16,16,345.74005491,357.49994757,4.73616514,4.83108037,8.50185659,3.7370782,0,32,9,10,60.0,1.0,95.25806452,0.0,0.96710519,1.03401368,32,16,16
3r9xnSCsxQhWnh1xh5RzmNa3KU,6,4,2,88.79005553,34.97112394,22.19751388,17.48556197,29.9175215,60.7036671,0,6,2,3,60.0,1.0,1027.6,63.0,2.53895344,0.39386307,6,4,2
3uUZM6Sj7C9XMG1HRGVqJNLeod,7,3,4,2.4656083,3.83019288,0.82186943,0.95754822,1.49918639,0.16419301,0,7,4,3,60.0,1.0,11799.5,5809.0,0.64372954,1.55344743,7,3,4
3xX8u5SY5dhk4AAtdL6G8cqTff,8,3,5,2.2296207,5.5120443,0.7432069,1.10240886,1.47788787,0.15099751,0,8,5,6,60.0,1.0,7419.57142857,802.0,0.40449978,2.47218924,8,3,5
bc1q2RxX3hRQHp2Ps5PGojh7repqN,9,3,6,2.86784677,4.38722185,0.95594892,0.73120364,1.33371116,0.09792658,0,9,6,6,60.0,1.0,7768.125,53.0,0.65368173,1.52979646,9,3,6
bc1q3g5GhkKFp6U7qhnx7VBmLz23M,7,6,1,5.9315681,1.09717036,0.98859468,1.09717036,1.40345552,0.05993583,0,7,2,2,60.0,1.0,13833.0,8018.0,5.40624165,0.18497138,7,6,1
bc1q3x5DtqeojcEXExNL1EDp8pqXG,12,3,9,40.77607322,103.51564682,13.59202441,3.04457785,20.96037579,14.1129935,0,12,7,5,60.0,1.0,368.0,34.0,0.39391217,2.53863697,12,3,9
bc1q4z5X3KTCr9rioiTQzRVxRR6kj,14,3,11,44.36521118,132.03260745,14.78840373,3.38545147,23.60383547,17.05668857,0,14,6,7,60.0,1.0,281.84615385,3.0,0.33601708,2.9760392,14,3,11
bc1q6JVjUYfVTJEqZ8PU8KkkeYajL,4,3,1,2.78411997,0.30735854,0.92803999,0.30735854,1.27356284,0.18097144,0,4,1,2,60.0,1.0,10862.0,6751.0,9.05821576,0.11039702,4,3,1
bc1q7EbPcMJAntKdGB5LgzNbV492X,33,12,21,282.7206198,474.32058921,4.48762889,5.15565858,9.04030814,3.41673869,0,33,9,12,60.0,1.0,99.8125,0.0,0.59605386,1.67770073,33,12,21
bc1q7PrcyxTgpAGxBttCyT2CpNsTt,5,2,3,1.75880169,2.40850498,0.87940085,0.80283499,1.40403268,0.13920499,0,5,4,3,60.0,1.0,12962.75,5041.0,0.73024623,1.36940111,5,2,3
bc1q9UrAidBM5cbo8CMvyAo2qMyTT,25,9,16,214.10886947,296.93340034,4.55550786,3.80683847,7.5729981,2.356902,0,25,8,11,60.0,1.0,109.125,7.0,0.72106698,1.38683372,25,9,16
bc1q9gy65LSnoXaTrTud59Mi5VWka,7,4,3,2.60321314,2.62249153,0.65080329,0.87416384,1.1745699,0.12223536,0,7,4,4,60.0,1.0,8234.5,812.0,0.99264883,1.00740561,7,4,3
bc1qAqunuS5LBdGdvwRkzbNRqp9sm,20,3,17,18.14192284,247.7454959,6.04730761,3.59051443,10.14511366,4.56856749,0,19,9,11,60.0,1.0,230.15789474,3.0,0.07322806,13.65596679,20,3,17
bc1qCChjUS2pgyDVeUR1nEEJqnts5,16,3,13,49.79086033,180.21563224,16.59695344,3.21813629,24.51866818,13.95775129,0,16,7,8,60.0,1.0,196.46666667,16.0,0.27628491,3.61945207,16,3,13
bc1qEWmHrQBffpn8ruBL7e2LdkRSn,7,2,5,2.47284577,2.96423885,1.23642289,0.59284777,1.3510305,0.22326472,0,7,5,5,60.0,1.0,13453.5,103.0,0.83422622,1.19871562,7,2,5
bc1qGokerDaNkmCMc1k1v51T7a7kV,4,1,3,7.88918421,57.23041179,7.88918421,19.07680393,27.72197254,52.81755094,0,4,3,2,60.0,1.0,1933.0,241.0,0.13784951,7.25428768,4,1,3
bc1qHBpVcnUc185ymzAb3vQecAU93,7,2,5,2.30835119,4.60561492,1.15417559,0.92112298,1.26068281,0.12623694,0,7,4,5,60.0,1.0,12206.83333333,342.0,0.50120369,1.99519681,7,2,5
bc1qJK8dkbRzSuPrtAK3Kn6PViHpX,6,4,2,2.64111703,1.6410332,0.66027926,0.8205166,1.10583776,0.12416486,0,6,2,3,60.0,1.0,15479.4,5550.0,1.60942328,0.62134058,6,4,2
bc1qKmj4RRTskMc41pHDgxrxxVvFh,6,5,1,20.66323688,5.31078805,4.13264738,5.31078805,7.662178,3.78335604,0,6,2,1,60.0,1.0,298.0,51.0,3.89080428,0.25701627,6,5,1
bc1qMn8qPcXedjnTkpzvbKywUt1a7,9,5,4,22.85828217,10.79821406,4.57165643,2.69955352,7.82304681,6.26433439,0,9,4,5,60.0,1.0,185.75,46.0,2.11685766,0.47239832,9,5,4
bc1qPETziwZABCFgvHD8Cjtdw4wqc,7,2,5,4.02293053,25.12734755,2.01146527,5.02546951,7.77924089,6.42910554,0,7,5,4,60.0,1.0,198.33333333,14.0,0.16010168,6.24603069,7,2,5
bc1qPxnghUBg9sEuEt4dPbJfbBMnK,10,6,4,90.22147141,58.68381465,15.0369119,4.51413959,23.54045325,43.75387609,0,10,4,4,60.0,1.0,257.55555556,9.0,1.53741661,0.65044178,10,6,4
bc1qT7HgDD8wSEWusDnN7qT3hvke8,4,3,1,10.41007942,1.85229184,3.47002647,1.85229184,4.28385934,1.15162935,0,4,2,2,60.0,1.0,149.0,9.0,5.62010759,0.17793254,4,3,1
bc1qTb3sQmztbfh67rGjjPBig3dik,14,1,13,2.90421446,166.75540484,2.90421446,3.6251175,8.82443299,4.58299841,0,14,7,8,60.0,1.0,327.23076923,3.0,0.01741601,57.41841973,14,1,13
bc1qUmHWwLDRwX7GRdPdKmK2vjSJ1,12,5,7,3.9243505,5.40018485,0.7848701,0.77145498,1.36162374,0.18985251,0,12,7,6,60.0,1.0,6440.09090909,133.0,0.7267067,1.37607098,12,5,7
bc1qVWrKrRZaTBuDtf9xH4iXxQc7n,9,5,4,4.28762522,2.54322931,0.85752504,0.63580733,1.29015521,0.13092834,0,9,5,5,60.0,1.0,10276.625,1861.0,1.68589801,0.59315569,9,5,4
bc1qW58vzYfb2hZdGnAKU1gPGdTCj,7,3,4,3.32409113,3.05539849,1.10803038,0.76384962,1.45526622,0.1939755,0,7,3,4,60.0,1.0,11239.0,707.0,1.08794029,0.91916809,7,3,4
bc1qWkxxbApeF53pAYi2Xg3Gmi91C,3,3,0,80.68971111,0.0,26.89657037,0.0,31.38138084,11.09944582,0,3,1,1,60.0,1.0,2068.5,291.0,80689711109.99998,0.0,3,3,0
bc1qWmXhCt95nrW3KD3sDy3MLZSub,4,4,0,3.38288845,0.0,0.84572211,0.0,1.22560702,0.08250782,0,4,1,1,60.0,1.0,15736.33333333,1898.0,3382888449.9999995,0.0,4,4,0
bc1qXcuqi18jPVGziggG3kyMRs8RH,7,3,4,5.01720613,20.96149174,1.67240204,5.24037293,7.01825387,6.33096892,0,7,3,5,60.0,1.0,203.33333333,8.0,0.23935349,4.17792118,7,3,4
bc1qXjY21bcT12aoJbK2ZumkUtC77,17,4,13,64.51742771,222.76670145,16.12935693,4.54625921,24.63121798,19.38113426,0,17,7,9,60.0,1.0,141.75,0.0,0.28961881,3.45281437,17,4,13
bc1qYhGJV5nKGJNMzb69AFRmAnE5T,15,5,10,6.54377034,7.18617909,1.30875407,0.71861791,1.47917223,0.15699504,0,13,5,8,60.0,1.0,5600.07142857,478.0,0.91060496,1.09817104,15,5,10
bc1qYwoGnZJTbdQ33dXnQ8eXm6Aoo,21,12,9,256.46259542,169.45753331,4.74930732,3.53036528,7.81640649,3.04578052,0,21,9,11,60.0,1.0,130.2,0.0,1.51343284,0.66074951,21,12,9
bc1qZiYTkYTnvVYB6d2sqFK3JFbKB,12,5,7,76.3892707,52.07849085,15.27785414,2.08313963,24.15760102,30.63901822,0,12,5,5,60.0,1.0,333.72727273,15.0,1.46681038,0.68175138,12,5,7
bc1qfDAQqBbra1fMY28QyvtLG4Gyd,10,6,4,2.95747865,3.04846516,0.49291311,0.76211629,1.33188956,0.14925558,0,10,4,5,60.0,1.0,8464.11111111,690.0,0.97015334,1.03076489,10,6,4
bc1qfK7vDKFQCL1nb9J34cKm9hxqY,4,2,2,0.72259099,0.92524653,0.3612955,0.46262327,0.85489294,0.08382054,0,4,2,3,60.0,1.0,18404.66666667,10346.0,0.78097131,1.28045678,4,2,2
bc1qfsMxR1KTRr6ozczGdaBkRB9JL,12,3,9,44.71848327,139.50264619,14.90616109,4.10301901,22.29295604,20.27264626,0,11,6,5,60.0,1.0,439.81818182,0.0,0.32055652,3.11957464,12,3,9
bc1qft8sds3PbUjQ5ZiN1wTuY7UQh,6,2,4,1.6142907,4.76951272,0.80714535,1.19237818,1.43223225,0.06034059,0,6,4,5,60.0,1.0,16216.4,951.0,0.3384603,2.95455628,6,2,4
bc1qieyKTmtsrXm9EAhJaVTGCgm3f,3,1,2,39.01301426,53.99405303,39.01301426,26.99702651,39.01301426,128.22830189,0,3,2,2,60.0,1.0,1252.0,0.0,0.7225428,1.38400106,3,1,2
bc1qjZHBokNWfe5FRR972DaxZkTuA,2,0,2,0.0,22.27017801,0.0,11.13508901,11.54697182,0.16964745,0,2,1,1,60.0,1.0,563.0,563.0,0.0,22270178010.0,2,0,2
bc1qka6ijUZQ2QLCENrYDF9A5Kws7,12,5,7,2.29999421,5.60801838,0.45999884,0.80114548,1.25684555,0.13311635,0,12,6,6,60.0,1.0,5952.09090909,92.0,0.41012601,2.438275,12,5,7
bc1qksCBC6gxRgkGYeAFWhHWHj1zt,10,5,5,6.13788882,4.17321776,1.22757776,0.83464355,1.41234551,0.14717048,0,10,5,5,60.0,1.0,7216.77777778,1465.0,1.47078086,0.67991094,10,5,5
bc1qm2wyqdRX1PLqRwzvTbppbtfzF,13,8,5,6.16384136,3.60277546,0.77048017,0.72055509,1.25954877,0.12914785,0,13,4,4,60.0,1.0,3309.25,547.0,1.71085915,0.58450165,13,8,5
bc1qn23GaLNYSpB2PkPPhLGZJt4hH,18,6,12,157.63117076,218.51719816,5.25437236,3.58224915,8.95298626,3.49454768,0,18,9,11,60.0,1.0,185.47058824,2.0,0.72136734,1.38625627,18,6,12
bc1qo7zHiFWKHW47uCx3wKQtkMUp8,6,2,4,2.47514903,17.04002471,1.23757451,4.26000618,6.50635732,4.1543179,0,6,4,4,60.0,1.0,197.2,78.0,0.14525501,6.88444393,6,2,4
bc1qoGBWRJhmcFkMvrr4Fu3tMSJ5E,11,5,6,5.81477997,4.60464248,1.16295599,0.76744041,1.487375,0.12065996,0,11,5,5,60.0,1.0,6856.8,2569.0,1.26280813,0.79188594,11,5,6
bc1qoTKADNFRdvGYcikNHquYoipYW,11,1,10,10.53287766,103.75843401,10.53287766,2.59396085,10.53287766,3.53819197,0,11,9,6,60.0,1.0,430.6,140.0,0.10151346,9.85091039,11,1,10
bc1qrUiu5pkA2WnN3654CsHc5duFH,7,4,3,9.18988051,13.2818506,2.29747013,4.42728353,7.36201631,5.34221814,0,7,3,4,60.0,1.0,204.66666667,5.0,0.69191265,1.44526913,7,4,3
bc1qtGnBLc1cT6Fv8W8ivAYnKZnJT,10,5,5,3.85629799,4.0740703,0.7712596,0.81481406,1.41041124,0.18537831,0,10,5,5,60.0,1.0,8672.77777778,141.0,0.94654675,1.05647186,10,5,5
bc1qtZVY3KziDMZ67Brbb1h5EjhrE,5,3,2,12.47457881,9.7486778,4.15819294,4.8743389,7.41159251,3.06561033,0,5,2,2,60.0,1.0,204.25,33.0,1.27961751,0.78148352,5,3,2
bc1qtbrXWUuoeJMwGv6JyVGqWdgjR,4,1,3,0.12663601,1.60006414,0.12663601,0.53335471,0.8376158,0.06660981,0,4,4,3,60.0,1.0,18896.33333333,6625.0,0.07914433,12.63514335,4,1,3
bc1quuE4CA4iP3Aw3jdvfLN647TCB,30,14,16,318.67624125,322.15999575,4.68641531,4.41315063,10.85308279,4.93888271,0,30,9,10,60.0,1.0,103.06896552,0.0,0.98918626,1.01093196,30,14,16
bc1qvpMMVJF5D9rre7A7BVWMT8bPr,15,2,13,16.40420026,167.1378174,8.20210013,3.48203786,10.28715023,9.41448235,0,14,7,9,60.0,1.0,241.78571429,0.0,0.09814775,10.18872086,15,2,13
bc1qxmEqpqFMPzJZkUJ45QPVYZav8,6,3,3,86.10701508,54.60334268,28.70233836,18.20111423,29.9261323,52.27945519,0,6,3,3,60.0,1.0,1058.0,0.0,1.57695502,0.6341335,6,3,3
bc1qy1QM9RxvdTQbkCqXr52e51HE3,22,4,18,53.29687103,268.0505969,13.32421776,3.77536052,18.19213814,8.92693351,0,22,8,8,60.0,1.0,227.0,0.0,0.19883138,5.02938712,22,4,18
bc1qyrcoxEUVyFTNuWSTo7MUMjHQA,10,4,6,3.23502392,5.61146142,0.80875598,0.93524357,1.45180692,0.18410813,0,10,5,5,60.0,1.0,9659.44444444,547.0,0.57650292,1.73459658,10,4,6
bc1qyxQdDn53jFrK6wFx7RJWhvQBQ,7,3,4,0.82968109,3.24232544,0.27656036,0.81058136,1.45224123,0.27862213,0,7,3,4,60.0,1.0,9869.33333333,847.0,0.25589075,3.90791773,7,3,4
