wallet_id,cluster_id
synthetic_wallet_000001,-1
synthetic_wallet_000002,-1
synthetic_wallet_000003,-1
synthetic_wallet_000004,-1
synthetic_wallet_000005,-1
synthetic_wallet_000006,-1
synthetic_wallet_000007,-1
synthetic_wallet_000008,-1
synthetic_wallet_000009,-1
synthetic_wallet_000010,-1
synthetic_wallet_000011,-1
synthetic_wallet_000012,-1
synthetic_wallet_000013,-1
synthetic_wallet_000014,-1
synthetic_wallet_000015,-1
synthetic_wallet_000016,-1
synthetic_wallet_000017,-1
synthetic_wallet_000018,-1
synthetic_wallet_000019,-1
synthetic_wallet_000020,-1
synthetic_wallet_000021,-1
synthetic_wallet_000022,-1
synthetic_wallet_000023,-1
synthetic_wallet_000024,-1
synthetic_wallet_000025,-1
synthetic_wallet_000026,-1
synthetic_wallet_000027,-1
synthetic_wallet_000028,-1
synthetic_wallet_000029,-1
synthetic_wallet_000030,-1
synthetic_wallet_000031,-1
synthetic_wallet_000032,-1
synthetic_wallet_000033,-1
synthetic_wallet_000034,-1
synthetic_wallet_000035,-1
synthetic_wallet_000036,-1
synthetic_wallet_000037,-1
synthetic_wallet_000038,-1
synthetic_wallet_000039,-1
synthetic_wallet_000040,-1
synthetic_wallet_000041,-1
synthetic_wallet_000042,-1
synthetic_wallet_000043,-1
synthetic_wallet_000044,-1
synthetic_wallet_000045,-1
synthetic_wallet_000046,-1
synthetic_wallet_000047,-1
synthetic_wallet_000048,-1
synthetic_wallet_000049,-1
synthetic_wallet_000050,-1
synthetic_wallet_000051,-1
synthetic_wallet_000052,-1
synthetic_wallet_000053,-1
synthetic_wallet_000054,-1
synthetic_wallet_000055,-1
synthetic_wallet_000056,-1
synthetic_wallet_000057,-1
synthetic_wallet_000058,-1
synthetic_wallet_000059,-1
synthetic_wallet_000060,-1
synthetic_wallet_000061,-1
synthetic_wallet_000062,-1
synthetic_wallet_000063,-1
synthetic_wallet_000064,-1
synthetic_wallet_000065,-1
synthetic_wallet_000066,-1
synthetic_wallet_000067,-1
synthetic_wallet_000068,-1
synthetic_wallet_000069,-1
synthetic_wallet_000070,-1
synthetic_wallet_000071,-1
synthetic_wallet_000072,-1
synthetic_wallet_000073,-1
synthetic_wallet_000074,-1
synthetic_wallet_000075,-1
synthetic_wallet_000076,-1
synthetic_wallet_000077,-1
synthetic_wallet_000078,-1
synthetic_wallet_000079,-1
synthetic_wallet_000080,-1
synthetic_wallet_000081,-1
synthetic_wallet_000082,-1
synthetic_wallet_000083,-1
synthetic_wallet_000084,-1
synthetic_wallet_000085,-1
synthetic_wallet_000086,-1
synthetic_wallet_000087,-1
synthetic_wallet_000088,-1
synthetic_wallet_000089,-1
synthetic_wallet_000090,-1
synthetic_wallet_000091,-1
synthetic_wallet_000092,-1
synthetic_wallet_000093,-1
synthetic_wallet_000094,-1
synthetic_wallet_000095,-1
synthetic_wallet_000096,-1
synthetic_wallet_000097,-1
synthetic_wallet_000098,-1
synthetic_wallet_000099,-1
synthetic_wallet_000100,-1
synthetic_wallet_000101,-1
synthetic_wallet_000102,-1
synthetic_wallet_000103,-1
synthetic_wallet_000104,-1
synthetic_wallet_000105,-1
synthetic_wallet_000106,-1
synthetic_wallet_000107,-1
synthetic_wallet_000108,-1
synthetic_wallet_000109,-1
synthetic_wallet_000110,-1
synthetic_wallet_000111,-1
synthetic_wallet_000112,-1
synthetic_wallet_000113,-1
synthetic_wallet_000114,-1
synthetic_wallet_000115,-1
synthetic_wallet_000116,-1
synthetic_wallet_000117,-1
synthetic_wallet_000118,-1
synthetic_wallet_000119,-1
synthetic_wallet_000120,-1
synthetic_wallet_000121,-1
synthetic_wallet_000122,-1
synthetic_wallet_000123,-1
synthetic_wallet_000124,-1
synthetic_wallet_000125,-1
synthetic_wallet_000126,-1
synthetic_wallet_000127,-1
synthetic_wallet_000128,-1
synthetic_wallet_000129,-1
synthetic_wallet_000130,-1
synthetic_wallet_000131,-1
synthetic_wallet_000132,-1
synthetic_wallet_000133,-1
synthetic_wallet_000134,-1
synthetic_wallet_000135,-1
synthetic_wallet_000136,-1
synthetic_wallet_000137,-1
synthetic_wallet_000138,-1
synthetic_wallet_000139,-1
synthetic_wallet_000140,-1
synthetic_wallet_000141,-1
synthetic_wallet_000142,-1
synthetic_wallet_000143,-1
synthetic_wallet_000144,-1
synthetic_wallet_000145,-1
synthetic_wallet_000146,-1
synthetic_wallet_000147,-1
synthetic_wallet_000148,-1
synthetic_wallet_000149,-1
synthetic_wallet_000150,-1
synthetic_wallet_000151,-1
synthetic_wallet_000152,-1
synthetic_wallet_000153,-1
synthetic_wallet_000154,-1
synthetic_wallet_000155,-1
synthetic_wallet_000156,-1
synthetic_wallet_000157,-1
synthetic_wallet_000158,-1
synthetic_wallet_000159,-1
synthetic_wallet_000160,-1
synthetic_wallet_000161,-1
synthetic_wallet_000162,-1
synthetic_wallet_000163,-1
synthetic_wallet_000164,-1
synthetic_wallet_000165,-1
synthetic_wallet_000166,-1
synthetic_wallet_000167,-1
synthetic_wallet_000168,-1
synthetic_wallet_000169,-1
synthetic_wallet_000170,-1
synthetic_wallet_000171,-1
synthetic_wallet_000172,-1
synthetic_wallet_000173,-1
synthetic_wallet_000174,-1
synthetic_wallet_000175,-1
synthetic_wallet_000176,-1
synthetic_wallet_000177,-1
synthetic_wallet_000178,-1
synthetic_wallet_000179,-1
synthetic_wallet_000180,-1
synthetic_wallet_000181,-1
synthetic_wallet_000182,-1
synthetic_wallet_000183,-1
synthetic_wallet_000184,-1
synthetic_wallet_000185,-1
synthetic_wallet_000186,-1
synthetic_wallet_000187,-1
synthetic_wallet_000188,-1
synthetic_wallet_000189,-1
synthetic_wallet_000190,-1
synthetic_wallet_000191,-1
synthetic_wallet_000192,-1
synthetic_wallet_000193,-1
synthetic_wallet_000194,-1
synthetic_wallet_000195,-1
synthetic_wallet_000196,-1
synthetic_wallet_000197,-1
synthetic_wallet_000198,-1
synthetic_wallet_000199,-1
synthetic_wallet_000200,-1
synthetic_wallet_000201,-1
synthetic_wallet_000202,-1
synthetic_wallet_000203,-1
synthetic_wallet_000204,-1
synthetic_wallet_000205,-1
synthetic_wallet_000206,-1
synthetic_wallet_000207,-1
synthetic_wallet_000208,-1
synthetic_wallet_000209,-1
synthetic_wallet_000210,-1
synthetic_wallet_000211,-1
synthetic_wallet_000212,-1
synthetic_wallet_000213,-1
synthetic_wallet_000214,-1
synthetic_wallet_000215,-1
synthetic_wallet_000216,-1
synthetic_wallet_000217,-1
synthetic_wallet_000218,-1
synthetic_wallet_000219,-1
synthetic_wallet_000220,-1
synthetic_wallet_000221,-1
synthetic_wallet_000222,-1
synthetic_wallet_000223,-1
synthetic_wallet_000224,-1
synthetic_wallet_000225,-1
synthetic_wallet_000226,-1
synthetic_wallet_000227,-1
synthetic_wallet_000228,-1
synthetic_wallet_000229,-1
synthetic_wallet_000230,-1
synthetic_wallet_000231,-1
synthetic_wallet_000232,-1
synthetic_wallet_000233,-1
synthetic_wallet_000234,-1
synthetic_wallet_000235,-1
synthetic_wallet_000236,-1
synthetic_wallet_000237,-1
synthetic_wallet_000238,-1
synthetic_wallet_000239,-1
synthetic_wallet_000240,-1
synthetic_wallet_000241,-1
synthetic_wallet_000242,-1
synthetic_wallet_000243,-1
synthetic_wallet_000244,-1
synthetic_wallet_000245,-1
synthetic_wallet_000246,-1
synthetic_wallet_000247,-1
synthetic_wallet_000248,-1
synthetic_wallet_000249,-1
synthetic_wallet_000250,-1
synthetic_wallet_000251,-1
synthetic_wallet_000252,-1
synthetic_wallet_000253,-1
synthetic_wallet_000254,-1
synthetic_wallet_000255,-1
synthetic_wallet_000256,-1
synthetic_wallet_000257,-1
synthetic_wallet_000258,-1
synthetic_wallet_000259,-1
synthetic_wallet_000260,-1
synthetic_wallet_000261,-1
synthetic_wallet_000262,-1
synthetic_wallet_000263,-1
synthetic_wallet_000264,-1
synthetic_wallet_000265,-1
synthetic_wallet_000266,-1
synthetic_wallet_000267,-1
synthetic_wallet_000268,-1
synthetic_wallet_000269,-1
synthetic_wallet_000270,-1
synthetic_wallet_000271,-1
synthetic_wallet_000272,-1
synthetic_wallet_000273,-1
synthetic_wallet_000274,-1
synthetic_wallet_000275,-1
synthetic_wallet_000276,-1
synthetic_wallet_000277,-1
synthetic_wallet_000278,-1
synthetic_wallet_000279,-1
synthetic_wallet_000280,-1
synthetic_wallet_000281,-1
synthetic_wallet_000282,-1
synthetic_wallet_000283,-1
synthetic_wallet_000284,-1
synthetic_wallet_000285,-1
synthetic_wallet_000286,-1
synthetic_wallet_000287,-1
synthetic_wallet_000288,-1
synthetic_wallet_000289,-1
synthetic_wallet_000290,-1
synthetic_wallet_000291,-1
synthetic_wallet_000292,-1
synthetic_wallet_000293,-1
synthetic_wallet_000294,-1
synthetic_wallet_000295,-1
synthetic_wallet_000296,-1
synthetic_wallet_000297,-1
synthetic_wallet_000298,-1
synthetic_wallet_000299,-1
synthetic_wallet_000300,-1
synthetic_wallet_000301,-1
synthetic_wallet_000302,-1
synthetic_wallet_000303,-1
synthetic_wallet_000304,-1
synthetic_wallet_000305,-1
synthetic_wallet_000306,-1
synthetic_wallet_000307,-1
synthetic_wallet_000308,-1
synthetic_wallet_000309,-1
synthetic_wallet_000310,-1
synthetic_wallet_000311,-1
synthetic_wallet_000312,-1
synthetic_wallet_000313,-1
synthetic_wallet_000314,-1
synthetic_wallet_000315,-1
synthetic_wallet_000316,-1
synthetic_wallet_000317,-1
synthetic_wallet_000318,-1
synthetic_wallet_000319,-1
synthetic_wallet_000320,-1
synthetic_wallet_000321,-1
synthetic_wallet_000322,-1
synthetic_wallet_000323,-1
synthetic_wallet_000324,-1
synthetic_wallet_000325,-1
synthetic_wallet_000326,-1
synthetic_wallet_000327,-1
synthetic_wallet_000328,-1
synthetic_wallet_000329,-1
synthetic_wallet_000330,-1
synthetic_wallet_000331,-1
synthetic_wallet_000332,-1
synthetic_wallet_000333,-1
synthetic_wallet_000334,-1
synthetic_wallet_000335,-1
synthetic_wallet_000336,-1
synthetic_wallet_000337,-1
synthetic_wallet_000338,-1
synthetic_wallet_000339,-1
synthetic_wallet_000340,-1
synthetic_wallet_000341,-1
synthetic_wallet_000342,-1
synthetic_wallet_000343,-1
synthetic_wallet_000344,-1
synthetic_wallet_000345,-1
synthetic_wallet_000346,-1
synthetic_wallet_000347,-1
synthetic_wallet_000348,-1
synthetic_wallet_000349,-1
synthetic_wallet_000350,-1
synthetic_wallet_000351,-1
synthetic_wallet_000352,-1
synthetic_wallet_000353,-1
synthetic_wallet_000354,-1
synthetic_wallet_000355,-1
synthetic_wallet_000356,-1
synthetic_wallet_000357,-1
synthetic_wallet_000358,-1
synthetic_wallet_000359,-1
synthetic_wallet_000360,-1
synthetic_wallet_000361,-1
synthetic_wallet_000362,-1
synthetic_wallet_000363,-1
synthetic_wallet_000364,-1
synthetic_wallet_000365,-1
synthetic_wallet_000366,-1
synthetic_wallet_000367,-1
synthetic_wallet_000368,-1
synthetic_wallet_000369,-1
synthetic_wallet_000370,-1
synthetic_wallet_000371,-1
synthetic_wallet_000372,-1
synthetic_wallet_000373,-1
synthetic_wallet_000374,-1
synthetic_wallet_000375,-1
synthetic_wallet_000376,-1
synthetic_wallet_000377,-1
synthetic_wallet_000378,-1
synthetic_wallet_000379,-1
synthetic_wallet_000380,-1
synthetic_wallet_000381,-1
synthetic_wallet_000382,-1
synthetic_wallet_000383,-1
synthetic_wallet_000384,-1
synthetic_wallet_000385,-1
synthetic_wallet_000386,-1
synthetic_wallet_000387,-1
synthetic_wallet_000388,-1
synthetic_wallet_000389,-1
synthetic_wallet_000390,-1
synthetic_wallet_000391,-1
synthetic_wallet_000392,-1
synthetic_wallet_000393,-1
synthetic_wallet_000394,-1
synthetic_wallet_000395,-1
synthetic_wallet_000396,-1
synthetic_wallet_000397,-1
synthetic_wallet_000398,-1
synthetic_wallet_000399,-1
synthetic_wallet_000400,-1
synthetic_wallet_000401,-1
synthetic_wallet_000402,-1
synthetic_wallet_000403,-1
synthetic_wallet_000404,-1
synthetic_wallet_000405,-1
synthetic_wallet_000406,-1
synthetic_wallet_000407,-1
synthetic_wallet_000408,-1
synthetic_wallet_000409,-1
synthetic_wallet_000410,-1
synthetic_wallet_000411,-1
synthetic_wallet_000412,-1
synthetic_wallet_000413,-1
synthetic_wallet_000414,-1
synthetic_wallet_000415,-1
synthetic_wallet_000416,-1
synthetic_wallet_000417,-1
synthetic_wallet_000418,-1
synthetic_wallet_000419,-1
synthetic_wallet_000420,-1
synthetic_wallet_000421,-1
synthetic_wallet_000422,-1
synthetic_wallet_000423,-1
synthetic_wallet_000424,-1
synthetic_wallet_000425,-1
synthetic_wallet_000426,-1
synthetic_wallet_000427,-1
synthetic_wallet_000428,-1
synthetic_wallet_000429,-1
synthetic_wallet_000430,-1
synthetic_wallet_000431,-1
synthetic_wallet_000432,-1
synthetic_wallet_000433,-1
synthetic_wallet_000434,-1
synthetic_wallet_000435,-1
synthetic_wallet_000436,-1
synthetic_wallet_000437,-1
synthetic_wallet_000438,-1
synthetic_wallet_000439,-1
synthetic_wallet_000440,-1
synthetic_wallet_000441,-1
synthetic_wallet_000442,-1
synthetic_wallet_000443,-1
synthetic_wallet_000444,-1
synthetic_wallet_000445,-1
synthetic_wallet_000446,-1
synthetic_wallet_000447,-1
synthetic_wallet_000448,-1
synthetic_wallet_000449,-1
synthetic_wallet_000450,-1
synthetic_wallet_000451,-1
synthetic_wallet_000452,-1
synthetic_wallet_000453,-1
synthetic_wallet_000454,-1
synthetic_wallet_000455,-1
synthetic_wallet_000456,-1
synthetic_wallet_000457,-1
synthetic_wallet_000458,-1
synthetic_wallet_000459,-1
synthetic_wallet_000460,-1
synthetic_wallet_000461,-1
synthetic_wallet_000462,-1
synthetic_wallet_000463,-1
synthetic_wallet_000464,-1
synthetic_wallet_000465,-1
synthetic_wallet_000466,-1
synthetic_wallet_000467,-1
synthetic_wallet_000468,-1
synthetic_wallet_000469,-1
synthetic_wallet_000470,-1
synthetic_wallet_000471,-1
synthetic_wallet_000472,-1
synthetic_wallet_000473,-1
synthetic_wallet_000474,-1
synthetic_wallet_000475,-1
synthetic_wallet_000476,-1
synthetic_wallet_000477,-1
synthetic_wallet_000478,-1
synthetic_wallet_000479,-1
synthetic_wallet_000480,-1
synthetic_wallet_000481,-1
synthetic_wallet_000482,-1
synthetic_wallet_000483,-1
synthetic_wallet_000484,-1
synthetic_wallet_000485,-1
synthetic_wallet_000486,-1
synthetic_wallet_000487,-1
synthetic_wallet_000488,-1
synthetic_wallet_000489,-1
synthetic_wallet_000490,-1
synthetic_wallet_000491,-1
synthetic_wallet_000492,-1
synthetic_wallet_000493,-1
synthetic_wallet_000494,-1
synthetic_wallet_000495,-1
synthetic_wallet_000496,-1
synthetic_wallet_000497,-1
synthetic_wallet_000498,-1
synthetic_wallet_000499,-1
synthetic_wallet_000500,-1
synthetic_wallet_000501,-1
synthetic_wallet_000502,-1
synthetic_wallet_000503,-1
synthetic_wallet_000504,-1
synthetic_wallet_000505,-1
synthetic_wallet_000506,-1
synthetic_wallet_000507,-1
synthetic_wallet_000508,-1
synthetic_wallet_000509,-1
synthetic_wallet_000510,-1
synthetic_wallet_000511,-1
synthetic_wallet_000512,-1
synthetic_wallet_000513,-1
synthetic_wallet_000514,-1
synthetic_wallet_000515,-1
synthetic_wallet_000516,-1
synthetic_wallet_000517,-1
synthetic_wallet_000518,-1
synthetic_wallet_000519,-1
synthetic_wallet_000520,-1
synthetic_wallet_000521,-1
synthetic_wallet_000522,-1
synthetic_wallet_000523,-1
synthetic_wallet_000524,-1
synthetic_wallet_000525,-1
synthetic_wallet_000526,-1
synthetic_wallet_000527,-1
synthetic_wallet_000528,-1
synthetic_wallet_000529,-1
synthetic_wallet_000530,-1
synthetic_wallet_000531,-1
synthetic_wallet_000532,-1
synthetic_wallet_000533,-1
synthetic_wallet_000534,-1
synthetic_wallet_000535,-1
synthetic_wallet_000536,-1
synthetic_wallet_000537,-1
synthetic_wallet_000538,-1
synthetic_wallet_000539,-1
synthetic_wallet_000540,-1
synthetic_wallet_000541,-1
synthetic_wallet_000542,-1
synthetic_wallet_000543,-1
synthetic_wallet_000544,-1
synthetic_wallet_000545,-1
synthetic_wallet_000546,-1
synthetic_wallet_000547,-1
synthetic_wallet_000548,-1
synthetic_wallet_000549,-1
synthetic_wallet_000550,-1
synthetic_wallet_000551,-1
synthetic_wallet_000552,-1
synthetic_wallet_000553,-1
synthetic_wallet_000554,-1
synthetic_wallet_000555,-1
synthetic_wallet_000556,-1
synthetic_wallet_000557,-1
synthetic_wallet_000558,-1
synthetic_wallet_000559,-1
synthetic_wallet_000560,-1
synthetic_wallet_000561,-1
synthetic_wallet_000562,-1
synthetic_wallet_000563,-1
synthetic_wallet_000564,-1
synthetic_wallet_000565,-1
synthetic_wallet_000566,-1
synthetic_wallet_000567,-1
synthetic_wallet_000568,-1
synthetic_wallet_000569,-1
synthetic_wallet_000570,-1
synthetic_wallet_000571,-1
synthetic_wallet_000572,-1
synthetic_wallet_000573,-1
synthetic_wallet_000574,-1
synthetic_wallet_000575,-1
synthetic_wallet_000576,-1
synthetic_wallet_000577,-1
synthetic_wallet_000578,-1
synthetic_wallet_000579,-1
synthetic_wallet_000580,-1
synthetic_wallet_000581,-1
synthetic_wallet_000582,-1
synthetic_wallet_000583,-1
synthetic_wallet_000584,-1
synthetic_wallet_000585,-1
synthetic_wallet_000586,-1
synthetic_wallet_000587,-1
synthetic_wallet_000588,-1
synthetic_wallet_000589,-1
synthetic_wallet_000590,-1
synthetic_wallet_000591,-1
synthetic_wallet_000592,-1
synthetic_wallet_000593,-1
synthetic_wallet_000594,-1
synthetic_wallet_000595,-1
synthetic_wallet_000596,-1
synthetic_wallet_000597,-1
synthetic_wallet_000598,-1
synthetic_wallet_000599,-1
synthetic_wallet_000600,-1
synthetic_wallet_000601,-1
synthetic_wallet_000602,-1
synthetic_wallet_000603,-1
synthetic_wallet_000604,-1
synthetic_wallet_000605,-1
synthetic_wallet_000606,-1
synthetic_wallet_000607,-1
synthetic_wallet_000608,-1
synthetic_wallet_000609,-1
synthetic_wallet_000610,-1
synthetic_wallet_000611,-1
synthetic_wallet_000612,-1
synthetic_wallet_000613,-1
synthetic_wallet_000614,-1
synthetic_wallet_000615,-1
synthetic_wallet_000616,-1
synthetic_wallet_000617,-1
synthetic_wallet_000618,-1
synthetic_wallet_000619,-1
synthetic_wallet_000620,-1
synthetic_wallet_000621,-1
synthetic_wallet_000622,-1
synthetic_wallet_000623,-1
synthetic_wallet_000624,-1
synthetic_wallet_000625,-1
synthetic_wallet_000626,-1
synthetic_wallet_000627,-1
synthetic_wallet_000628,-1
synthetic_wallet_000629,-1
synthetic_wallet_000630,-1
synthetic_wallet_000631,-1
synthetic_wallet_000632,-1
synthetic_wallet_000633,-1
synthetic_wallet_000634,-1
synthetic_wallet_000635,-1
synthetic_wallet_000636,-1
synthetic_wallet_000637,-1
synthetic_wallet_000638,-1
synthetic_wallet_000639,-1
synthetic_wallet_000640,-1
synthetic_wallet_000641,-1
synthetic_wallet_000642,-1
synthetic_wallet_000643,-1
synthetic_wallet_000644,-1
synthetic_wallet_000645,-1
synthetic_wallet_000646,-1
synthetic_wallet_000647,-1
synthetic_wallet_000648,-1
synthetic_wallet_000649,-1
synthetic_wallet_000650,-1
synthetic_wallet_000651,-1
synthetic_wallet_000652,-1
synthetic_wallet_000653,-1
synthetic_wallet_000654,-1
synthetic_wallet_000655,-1
synthetic_wallet_000656,-1
synthetic_wallet_000657,-1
synthetic_wallet_000658,-1
synthetic_wallet_000659,-1
synthetic_wallet_000660,-1
synthetic_wallet_000661,-1
synthetic_wallet_000662,-1
synthetic_wallet_000663,-1
synthetic_wallet_000664,-1
synthetic_wallet_000665,-1
synthetic_wallet_000666,-1
synthetic_wallet_000667,-1
synthetic_wallet_000668,-1
synthetic_wallet_000669,-1
synthetic_wallet_000670,-1
synthetic_wallet_000671,-1
synthetic_wallet_000672,-1
synthetic_wallet_000673,-1
synthetic_wallet_000674,-1
synthetic_wallet_000675,-1
synthetic_wallet_000676,-1
synthetic_wallet_000677,-1
synthetic_wallet_000678,-1
synthetic_wallet_000679,-1
synthetic_wallet_000680,-1
synthetic_wallet_000681,-1
synthetic_wallet_000682,-1
synthetic_wallet_000683,-1
synthetic_wallet_000684,-1
synthetic_wallet_000685,-1
synthetic_wallet_000686,-1
synthetic_wallet_000687,-1
synthetic_wallet_000688,-1
synthetic_wallet_000689,-1
synthetic_wallet_000690,-1
synthetic_wallet_000691,-1
synthetic_wallet_000692,-1
synthetic_wallet_000693,-1
synthetic_wallet_000694,-1
synthetic_wallet_000695,-1
synthetic_wallet_000696,-1
synthetic_wallet_000697,-1
synthetic_wallet_000698,-1
synthetic_wallet_000699,-1
synthetic_wallet_000700,-1
synthetic_wallet_000701,-1
synthetic_wallet_000702,-1
synthetic_wallet_000703,-1
synthetic_wallet_000704,-1
synthetic_wallet_000705,-1
synthetic_wallet_000706,-1
synthetic_wallet_000707,-1
synthetic_wallet_000708,-1
synthetic_wallet_000709,-1
synthetic_wallet_000710,-1
synthetic_wallet_000711,-1
synthetic_wallet_000712,-1
synthetic_wallet_000713,-1
synthetic_wallet_000714,-1
synthetic_wallet_000715,-1
synthetic_wallet_000716,-1
synthetic_wallet_000717,-1
synthetic_wallet_000718,-1
synthetic_wallet_000719,-1
synthetic_wallet_000720,-1
synthetic_wallet_000721,-1
synthetic_wallet_000722,-1
synthetic_wallet_000723,-1
synthetic_wallet_000724,-1
synthetic_wallet_000725,-1
synthetic_wallet_000726,-1
synthetic_wallet_000727,-1
synthetic_wallet_000728,-1
synthetic_wallet_000729,-1
synthetic_wallet_000730,-1
synthetic_wallet_000731,-1
synthetic_wallet_000732,-1
synthetic_wallet_000733,-1
synthetic_wallet_000734,-1
synthetic_wallet_000735,-1
synthetic_wallet_000736,-1
synthetic_wallet_000737,-1
synthetic_wallet_000738,-1
synthetic_wallet_000739,-1
synthetic_wallet_000740,-1
synthetic_wallet_000741,-1
synthetic_wallet_000742,-1
synthetic_wallet_000743,-1
synthetic_wallet_000744,-1
synthetic_wallet_000745,-1
synthetic_wallet_000746,-1
synthetic_wallet_000747,-1
synthetic_wallet_000748,-1
synthetic_wallet_000749,-1
synthetic_wallet_000750,-1
synthetic_wallet_000751,-1
synthetic_wallet_000752,-1
synthetic_wallet_000753,-1
synthetic_wallet_000754,-1
synthetic_wallet_000755,-1
synthetic_wallet_000756,-1
synthetic_wallet_000757,-1
synthetic_wallet_000758,-1
synthetic_wallet_000759,-1
synthetic_wallet_000760,-1
synthetic_wallet_000761,-1
synthetic_wallet_000762,-1
synthetic_wallet_000763,-1
synthetic_wallet_000764,-1
synthetic_wallet_000765,-1
synthetic_wallet_000766,-1
synthetic_wallet_000767,-1
synthetic_wallet_000768,-1
synthetic_wallet_000769,-1
synthetic_wallet_000770,-1
synthetic_wallet_000771,-1
synthetic_wallet_000772,-1
synthetic_wallet_000773,-1
synthetic_wallet_000774,-1
synthetic_wallet_000775,-1
synthetic_wallet_000776,-1
synthetic_wallet_000777,-1
synthetic_wallet_000778,-1
synthetic_wallet_000779,-1
synthetic_wallet_000780,-1
synthetic_wallet_000781,-1
synthetic_wallet_000782,-1
synthetic_wallet_000783,-1
synthetic_wallet_000784,-1
synthetic_wallet_000785,-1
synthetic_wallet_000786,-1
synthetic_wallet_000787,-1
synthetic_wallet_000788,-1
synthetic_wallet_000789,-1
synthetic_wallet_000790,-1
synthetic_wallet_000791,-1
synthetic_wallet_000792,-1
synthetic_wallet_000793,-1
synthetic_wallet_000794,-1
synthetic_wallet_000795,-1
synthetic_wallet_000796,-1
synthetic_wallet_000797,-1
synthetic_wallet_000798,-1
synthetic_wallet_000799,-1
synthetic_wallet_000800,-1
synthetic_wallet_000801,-1
synthetic_wallet_000802,-1
synthetic_wallet_000803,-1
synthetic_wallet_000804,-1
synthetic_wallet_000805,-1
synthetic_wallet_000806,-1
synthetic_wallet_000807,-1
synthetic_wallet_000808,-1
synthetic_wallet_000809,-1
synthetic_wallet_000810,-1
synthetic_wallet_000811,-1
synthetic_wallet_000812,-1
synthetic_wallet_000813,-1
synthetic_wallet_000814,-1
synthetic_wallet_000815,-1
synthetic_wallet_000816,-1
synthetic_wallet_000817,-1
synthetic_wallet_000818,-1
synthetic_wallet_000819,-1
synthetic_wallet_000820,-1
synthetic_wallet_000821,-1
synthetic_wallet_000822,-1
synthetic_wallet_000823,-1
synthetic_wallet_000824,-1
synthetic_wallet_000825,-1
synthetic_wallet_000826,-1
synthetic_wallet_000827,-1
synthetic_wallet_000828,-1
synthetic_wallet_000829,-1
synthetic_wallet_000830,-1
synthetic_wallet_000831,-1
synthetic_wallet_000832,-1
synthetic_wallet_000833,-1
synthetic_wallet_000834,-1
synthetic_wallet_000835,-1
synthetic_wallet_000836,-1
synthetic_wallet_000837,-1
synthetic_wallet_000838,-1
synthetic_wallet_000839,-1
synthetic_wallet_000840,-1
synthetic_wallet_000841,-1
synthetic_wallet_000842,-1
synthetic_wallet_000843,-1
synthetic_wallet_000844,-1
synthetic_wallet_000845,-1
synthetic_wallet_000846,-1
synthetic_wallet_000847,-1
synthetic_wallet_000848,-1
synthetic_wallet_000849,-1
synthetic_wallet_000850,-1
synthetic_wallet_000851,-1
synthetic_wallet_000852,-1
synthetic_wallet_000853,-1
synthetic_wallet_000854,-1
synthetic_wallet_000855,-1
synthetic_wallet_000856,-1
synthetic_wallet_000857,-1
synthetic_wallet_000858,-1
synthetic_wallet_000859,-1
synthetic_wallet_000860,-1
synthetic_wallet_000861,-1
synthetic_wallet_000862,-1
synthetic_wallet_000863,-1
synthetic_wallet_000864,-1
synthetic_wallet_000865,-1
synthetic_wallet_000866,-1
synthetic_wallet_000867,-1
synthetic_wallet_000868,-1
synthetic_wallet_000869,-1
synthetic_wallet_000870,-1
synthetic_wallet_000871,-1
synthetic_wallet_000872,-1
synthetic_wallet_000873,-1
synthetic_wallet_000874,-1
synthetic_wallet_000875,-1
synthetic_wallet_000876,-1
synthetic_wallet_000877,-1
synthetic_wallet_000878,-1
synthetic_wallet_000879,-1
synthetic_wallet_000880,-1
synthetic_wallet_000881,-1
synthetic_wallet_000882,-1
synthetic_wallet_000883,-1
synthetic_wallet_000884,-1
synthetic_wallet_000885,-1
synthetic_wallet_000886,-1
synthetic_wallet_000887,-1
synthetic_wallet_000888,-1
synthetic_wallet_000889,-1
synthetic_wallet_000890,-1
synthetic_wallet_000891,-1
synthetic_wallet_000892,-1
synthetic_wallet_000893,-1
synthetic_wallet_000894,-1
synthetic_wallet_000895,-1
synthetic_wallet_000896,-1
synthetic_wallet_000897,-1
synthetic_wallet_000898,-1
synthetic_wallet_000899,-1
synthetic_wallet_000900,-1
synthetic_wallet_000901,-1
synthetic_wallet_000902,-1
synthetic_wallet_000903,-1
synthetic_wallet_000904,-1
synthetic_wallet_000905,-1
synthetic_wallet_000906,-1
synthetic_wallet_000907,-1
synthetic_wallet_000908,-1
synthetic_wallet_000909,-1
synthetic_wallet_000910,-1
synthetic_wallet_000911,-1
synthetic_wallet_000912,-1
synthetic_wallet_000913,-1
synthetic_wallet_000914,-1
synthetic_wallet_000915,-1
synthetic_wallet_000916,-1
synthetic_wallet_000917,-1
synthetic_wallet_000918,-1
synthetic_wallet_000919,-1
synthetic_wallet_000920,-1
synthetic_wallet_000921,-1
synthetic_wallet_000922,-1
synthetic_wallet_000923,-1
synthetic_wallet_000924,-1
synthetic_wallet_000925,-1
synthetic_wallet_000926,-1
synthetic_wallet_000927,-1
synthetic_wallet_000928,-1
synthetic_wallet_000929,-1
synthetic_wallet_000930,-1
synthetic_wallet_000931,-1
synthetic_wallet_000932,-1
synthetic_wallet_000933,-1
synthetic_wallet_000934,-1
synthetic_wallet_000935,-1
synthetic_wallet_000936,-1
synthetic_wallet_000937,-1
synthetic_wallet_000938,-1
synthetic_wallet_000939,-1
synthetic_wallet_000940,-1
synthetic_wallet_000941,-1
synthetic_wallet_000942,-1
synthetic_wallet_000943,-1
synthetic_wallet_000944,-1
synthetic_wallet_000945,-1
synthetic_wallet_000946,-1
synthetic_wallet_000947,-1
synthetic_wallet_000948,-1
synthetic_wallet_000949,-1
synthetic_wallet_000950,-1
synthetic_wallet_000951,-1
synthetic_wallet_000952,-1
synthetic_wallet_000953,-1
synthetic_wallet_000954,-1
synthetic_wallet_000955,-1
synthetic_wallet_000956,-1
synthetic_wallet_000957,-1
synthetic_wallet_000958,-1
synthetic_wallet_000959,-1
synthetic_wallet_000960,-1
synthetic_wallet_000961,-1
synthetic_wallet_000962,-1
synthetic_wallet_000963,-1
synthetic_wallet_000964,-1
synthetic_wallet_000965,-1
synthetic_wallet_000966,-1
synthetic_wallet_000967,-1
synthetic_wallet_000968,-1
synthetic_wallet_000969,-1
synthetic_wallet_000970,-1
synthetic_wallet_000971,-1
synthetic_wallet_000972,-1
synthetic_wallet_000973,-1
synthetic_wallet_000974,-1
synthetic_wallet_000975,-1
synthetic_wallet_000976,-1
synthetic_wallet_000977,-1
synthetic_wallet_000978,-1
synthetic_wallet_000979,-1
synthetic_wallet_000980,-1
synthetic_wallet_000981,-1
synthetic_wallet_000982,-1
synthetic_wallet_000983,-1
synthetic_wallet_000984,-1
synthetic_wallet_000985,-1
synthetic_wallet_000986,-1
synthetic_wallet_000987,-1
synthetic_wallet_000988,-1
synthetic_wallet_000989,-1
synthetic_wallet_000990,-1
synthetic_wallet_000991,-1
synthetic_wallet_000992,-1
synthetic_wallet_000993,-1
synthetic_wallet_000994,-1
synthetic_wallet_000995,-1
synthetic_wallet_000996,-1
synthetic_wallet_000997,-1
synthetic_wallet_000998,-1
synthetic_wallet_000999,-1
synthetic_wallet_001000,-1
synthetic_wallet_001001,-1
synthetic_wallet_001002,-1
synthetic_wallet_001003,-1
synthetic_wallet_001004,-1
synthetic_wallet_001005,-1
synthetic_wallet_001006,-1
synthetic_wallet_001007,-1
synthetic_wallet_001008,-1
synthetic_wallet_001009,-1
synthetic_wallet_001010,-1
synthetic_wallet_001011,-1
synthetic_wallet_001012,-1
synthetic_wallet_001013,-1
synthetic_wallet_001014,-1
synthetic_wallet_001015,-1
synthetic_wallet_001016,-1
synthetic_wallet_001017,-1
synthetic_wallet_001018,-1
synthetic_wallet_001019,-1
synthetic_wallet_001020,-1
synthetic_wallet_001021,-1
synthetic_wallet_001022,-1
synthetic_wallet_001023,-1
synthetic_wallet_001024,-1
synthetic_wallet_001025,-1
synthetic_wallet_001026,-1
synthetic_wallet_001027,-1
synthetic_wallet_001028,-1
synthetic_wallet_001029,-1
synthetic_wallet_001030,-1
synthetic_wallet_001031,-1
synthetic_wallet_001032,-1
synthetic_wallet_001033,-1
synthetic_wallet_001034,-1
synthetic_wallet_001035,-1
synthetic_wallet_001036,-1
synthetic_wallet_001037,-1
synthetic_wallet_001038,-1
synthetic_wallet_001039,-1
synthetic_wallet_001040,-1
synthetic_wallet_001041,-1
synthetic_wallet_001042,-1
synthetic_wallet_001043,-1
synthetic_wallet_001044,-1
synthetic_wallet_001045,-1
synthetic_wallet_001046,-1
synthetic_wallet_001047,-1
synthetic_wallet_001048,-1
synthetic_wallet_001049,-1
synthetic_wallet_001050,-1
synthetic_wallet_001051,-1
synthetic_wallet_001052,-1
synthetic_wallet_001053,-1
synthetic_wallet_001054,-1
synthetic_wallet_001055,-1
synthetic_wallet_001056,-1
synthetic_wallet_001057,-1
synthetic_wallet_001058,-1
synthetic_wallet_001059,-1
synthetic_wallet_001060,-1
synthetic_wallet_001061,-1
synthetic_wallet_001062,-1
synthetic_wallet_001063,-1
synthetic_wallet_001064,-1
synthetic_wallet_001065,-1
synthetic_wallet_001066,-1
synthetic_wallet_001067,-1
synthetic_wallet_001068,-1
synthetic_wallet_001069,-1
synthetic_wallet_001070,-1
synthetic_wallet_001071,-1
synthetic_wallet_001072,-1
synthetic_wallet_001073,-1
synthetic_wallet_001074,-1
synthetic_wallet_001075,-1
synthetic_wallet_001076,-1
synthetic_wallet_001077,-1
synthetic_wallet_001078,-1
synthetic_wallet_001079,-1
synthetic_wallet_001080,-1
synthetic_wallet_001081,-1
synthetic_wallet_001082,-1
synthetic_wallet_001083,-1
synthetic_wallet_001084,-1
synthetic_wallet_001085,-1
synthetic_wallet_001086,-1
synthetic_wallet_001087,-1
synthetic_wallet_001088,-1
synthetic_wallet_001089,-1
synthetic_wallet_001090,-1
synthetic_wallet_001091,-1
synthetic_wallet_001092,-1
synthetic_wallet_001093,-1
synthetic_wallet_001094,-1
synthetic_wallet_001095,-1
synthetic_wallet_001096,-1
synthetic_wallet_001097,-1
synthetic_wallet_001098,-1
synthetic_wallet_001099,-1
synthetic_wallet_001100,-1
synthetic_wallet_001101,-1
synthetic_wallet_001102,-1
synthetic_wallet_001103,-1
synthetic_wallet_001104,-1
synthetic_wallet_001105,-1
synthetic_wallet_001106,-1
synthetic_wallet_001107,-1
synthetic_wallet_001108,-1
synthetic_wallet_001109,-1
synthetic_wallet_001110,-1
synthetic_wallet_001111,-1
synthetic_wallet_001112,-1
synthetic_wallet_001113,-1
synthetic_wallet_001114,-1
synthetic_wallet_001115,-1
synthetic_wallet_001116,-1
synthetic_wallet_001117,-1
synthetic_wallet_001118,-1
synthetic_wallet_001119,-1
synthetic_wallet_001120,-1
synthetic_wallet_001121,-1
synthetic_wallet_001122,-1
synthetic_wallet_001123,-1
synthetic_wallet_001124,-1
synthetic_wallet_001125,-1
synthetic_wallet_001126,-1
synthetic_wallet_001127,-1
synthetic_wallet_001128,-1
synthetic_wallet_001129,-1
synthetic_wallet_001130,-1
synthetic_wallet_001131,-1
synthetic_wallet_001132,-1
synthetic_wallet_001133,-1
synthetic_wallet_001134,-1
synthetic_wallet_001135,-1
synthetic_wallet_001136,-1
synthetic_wallet_001137,-1
synthetic_wallet_001138,-1
synthetic_wallet_001139,-1
synthetic_wallet_001140,-1
synthetic_wallet_001141,-1
synthetic_wallet_001142,-1
synthetic_wallet_001143,-1
synthetic_wallet_001144,-1
synthetic_wallet_001145,-1
synthetic_wallet_001146,-1
synthetic_wallet_001147,-1
synthetic_wallet_001148,-1
synthetic_wallet_001149,-1
synthetic_wallet_001150,-1
synthetic_wallet_001151,-1
synthetic_wallet_001152,-1
synthetic_wallet_001153,-1
synthetic_wallet_001154,-1
synthetic_wallet_001155,-1
synthetic_wallet_001156,-1
synthetic_wallet_001157,-1
synthetic_wallet_001158,-1
synthetic_wallet_001159,-1
synthetic_wallet_001160,-1
synthetic_wallet_001161,-1
synthetic_wallet_001162,-1
synthetic_wallet_001163,-1
synthetic_wallet_001164,-1
synthetic_wallet_001165,-1
synthetic_wallet_001166,-1
synthetic_wallet_001167,-1
synthetic_wallet_001168,-1
synthetic_wallet_001169,-1
synthetic_wallet_001170,-1
synthetic_wallet_001171,-1
synthetic_wallet_001172,-1
synthetic_wallet_001173,-1
synthetic_wallet_001174,-1
synthetic_wallet_001175,-1
synthetic_wallet_001176,-1
synthetic_wallet_001177,-1
synthetic_wallet_001178,-1
synthetic_wallet_001179,-1
synthetic_wallet_001180,-1
synthetic_wallet_001181,-1
synthetic_wallet_001182,-1
synthetic_wallet_001183,-1
synthetic_wallet_001184,-1
synthetic_wallet_001185,-1
synthetic_wallet_001186,-1
synthetic_wallet_001187,-1
synthetic_wallet_001188,-1
synthetic_wallet_001189,-1
synthetic_wallet_001190,-1
synthetic_wallet_001191,-1
synthetic_wallet_001192,-1
synthetic_wallet_001193,-1
synthetic_wallet_001194,-1
synthetic_wallet_001195,-1
synthetic_wallet_001196,-1
synthetic_wallet_001197,-1
synthetic_wallet_001198,-1
synthetic_wallet_001199,-1
synthetic_wallet_001200,-1
synthetic_wallet_001201,-1
synthetic_wallet_001202,-1
synthetic_wallet_001203,-1
synthetic_wallet_001204,-1
synthetic_wallet_001205,-1
synthetic_wallet_001206,-1
synthetic_wallet_001207,-1
synthetic_wallet_001208,-1
synthetic_wallet_001209,-1
synthetic_wallet_001210,-1
synthetic_wallet_001211,-1
synthetic_wallet_001212,-1
synthetic_wallet_001213,-1
synthetic_wallet_001214,-1
synthetic_wallet_001215,-1
synthetic_wallet_001216,-1
synthetic_wallet_001217,-1
synthetic_wallet_001218,-1
synthetic_wallet_001219,-1
synthetic_wallet_001220,-1
synthetic_wallet_001221,-1
synthetic_wallet_001222,-1
synthetic_wallet_001223,-1
synthetic_wallet_001224,-1
synthetic_wallet_001225,-1
synthetic_wallet_001226,-1
synthetic_wallet_001227,-1
synthetic_wallet_001228,-1
synthetic_wallet_001229,-1
synthetic_wallet_001230,-1
synthetic_wallet_001231,-1
synthetic_wallet_001232,-1
synthetic_wallet_001233,-1
synthetic_wallet_001234,-1
synthetic_wallet_001235,-1
synthetic_wallet_001236,-1
synthetic_wallet_001237,-1
synthetic_wallet_001238,-1
synthetic_wallet_001239,-1
synthetic_wallet_001240,-1
synthetic_wallet_001241,-1
synthetic_wallet_001242,-1
synthetic_wallet_001243,-1
synthetic_wallet_001244,-1
synthetic_wallet_001245,-1
synthetic_wallet_001246,-1
synthetic_wallet_001247,-1
synthetic_wallet_001248,-1
synthetic_wallet_001249,-1
synthetic_wallet_001250,-1
synthetic_wallet_001251,-1
synthetic_wallet_001252,-1
synthetic_wallet_001253,-1
synthetic_wallet_001254,-1
synthetic_wallet_001255,-1
synthetic_wallet_001256,-1
synthetic_wallet_001257,-1
synthetic_wallet_001258,-1
synthetic_wallet_001259,-1
synthetic_wallet_001260,-1
synthetic_wallet_001261,-1
synthetic_wallet_001262,-1
synthetic_wallet_001263,-1
synthetic_wallet_001264,-1
synthetic_wallet_001265,-1
synthetic_wallet_001266,-1
synthetic_wallet_001267,-1
synthetic_wallet_001268,-1
synthetic_wallet_001269,-1
synthetic_wallet_001270,-1
synthetic_wallet_001271,-1
synthetic_wallet_001272,-1
synthetic_wallet_001273,-1
synthetic_wallet_001274,-1
synthetic_wallet_001275,-1
synthetic_wallet_001276,-1
synthetic_wallet_001277,-1
synthetic_wallet_001278,-1
synthetic_wallet_001279,-1
synthetic_wallet_001280,-1
synthetic_wallet_001281,-1
synthetic_wallet_001282,-1
synthetic_wallet_001283,-1
synthetic_wallet_001284,-1
synthetic_wallet_001285,-1
synthetic_wallet_001286,-1
synthetic_wallet_001287,-1
synthetic_wallet_001288,-1
synthetic_wallet_001289,-1
synthetic_wallet_001290,-1
synthetic_wallet_001291,-1
synthetic_wallet_001292,-1
synthetic_wallet_001293,-1
synthetic_wallet_001294,-1
synthetic_wallet_001295,-1
synthetic_wallet_001296,-1
synthetic_wallet_001297,-1
synthetic_wallet_001298,-1
synthetic_wallet_001299,-1
synthetic_wallet_001300,-1
synthetic_wallet_001301,-1
synthetic_wallet_001302,-1
synthetic_wallet_001303,-1
synthetic_wallet_001304,-1
synthetic_wallet_001305,-1
synthetic_wallet_001306,-1
synthetic_wallet_001307,-1
synthetic_wallet_001308,-1
synthetic_wallet_001309,-1
synthetic_wallet_001310,-1
synthetic_wallet_001311,-1
synthetic_wallet_001312,-1
synthetic_wallet_001313,-1
synthetic_wallet_001314,-1
synthetic_wallet_001315,-1
synthetic_wallet_001316,-1
synthetic_wallet_001317,-1
synthetic_wallet_001318,-1
synthetic_wallet_001319,-1
synthetic_wallet_001320,-1
synthetic_wallet_001321,-1
synthetic_wallet_001322,-1
synthetic_wallet_001323,-1
synthetic_wallet_001324,-1
synthetic_wallet_001325,-1
synthetic_wallet_001326,-1
synthetic_wallet_001327,-1
synthetic_wallet_001328,-1
synthetic_wallet_001329,-1
synthetic_wallet_001330,-1
synthetic_wallet_001331,-1
synthetic_wallet_001332,-1
synthetic_wallet_001333,-1
synthetic_wallet_001334,-1
synthetic_wallet_001335,-1
synthetic_wallet_001336,-1
synthetic_wallet_001337,-1
synthetic_wallet_001338,-1
synthetic_wallet_001339,-1
synthetic_wallet_001340,-1
synthetic_wallet_001341,-1
synthetic_wallet_001342,-1
synthetic_wallet_001343,-1
synthetic_wallet_001344,-1
synthetic_wallet_001345,-1
synthetic_wallet_001346,-1
synthetic_wallet_001347,-1
synthetic_wallet_001348,-1
synthetic_wallet_001349,-1
synthetic_wallet_001350,-1
synthetic_wallet_001351,-1
synthetic_wallet_001352,-1
synthetic_wallet_001353,-1
synthetic_wallet_001354,-1
synthetic_wallet_001355,-1
synthetic_wallet_001356,-1
synthetic_wallet_001357,-1
synthetic_wallet_001358,-1
synthetic_wallet_001359,-1
synthetic_wallet_001360,-1
synthetic_wallet_001361,-1
synthetic_wallet_001362,-1
synthetic_wallet_001363,-1
synthetic_wallet_001364,-1
synthetic_wallet_001365,-1
synthetic_wallet_001366,-1
synthetic_wallet_001367,-1
synthetic_wallet_001368,-1
synthetic_wallet_001369,-1
synthetic_wallet_001370,-1
synthetic_wallet_001371,-1
synthetic_wallet_001372,-1
synthetic_wallet_001373,-1
synthetic_wallet_001374,-1
synthetic_wallet_001375,-1
synthetic_wallet_001376,-1
synthetic_wallet_001377,-1
synthetic_wallet_001378,-1
synthetic_wallet_001379,-1
synthetic_wallet_001380,-1
synthetic_wallet_001381,-1
synthetic_wallet_001382,-1
synthetic_wallet_001383,-1
synthetic_wallet_001384,-1
synthetic_wallet_001385,-1
synthetic_wallet_001386,-1
synthetic_wallet_001387,-1
synthetic_wallet_001388,-1
synthetic_wallet_001389,-1
synthetic_wallet_001390,-1
synthetic_wallet_001391,-1
synthetic_wallet_001392,-1
synthetic_wallet_001393,-1
synthetic_wallet_001394,-1
synthetic_wallet_001395,-1
synthetic_wallet_001396,-1
synthetic_wallet_001397,-1
synthetic_wallet_001398,-1
synthetic_wallet_001399,-1
synthetic_wallet_001400,-1
synthetic_wallet_001401,-1
synthetic_wallet_001402,-1
synthetic_wallet_001403,-1
synthetic_wallet_001404,-1
synthetic_wallet_001405,-1
synthetic_wallet_001406,-1
synthetic_wallet_001407,-1
synthetic_wallet_001408,-1
synthetic_wallet_001409,-1
synthetic_wallet_001410,-1
synthetic_wallet_001411,-1
synthetic_wallet_001412,-1
synthetic_wallet_001413,-1
synthetic_wallet_001414,-1
synthetic_wallet_001415,-1
synthetic_wallet_001416,-1
synthetic_wallet_001417,-1
synthetic_wallet_001418,-1
synthetic_wallet_001419,-1
synthetic_wallet_001420,-1
synthetic_wallet_001421,-1
synthetic_wallet_001422,-1
synthetic_wallet_001423,-1
synthetic_wallet_001424,-1
synthetic_wallet_001425,-1
synthetic_wallet_001426,-1
synthetic_wallet_001427,-1
synthetic_wallet_001428,-1
synthetic_wallet_001429,-1
synthetic_wallet_001430,-1
synthetic_wallet_001431,-1
synthetic_wallet_001432,-1
synthetic_wallet_001433,-1
synthetic_wallet_001434,-1
synthetic_wallet_001435,-1
synthetic_wallet_001436,-1
synthetic_wallet_001437,-1
synthetic_wallet_001438,-1
synthetic_wallet_001439,-1
synthetic_wallet_001440,-1
synthetic_wallet_001441,-1
synthetic_wallet_001442,-1
synthetic_wallet_001443,-1
synthetic_wallet_001444,-1
synthetic_wallet_001445,-1
synthetic_wallet_001446,-1
synthetic_wallet_001447,-1
synthetic_wallet_001448,-1
synthetic_wallet_001449,-1
synthetic_wallet_001450,-1
synthetic_wallet_001451,-1
synthetic_wallet_001452,-1
synthetic_wallet_001453,-1
synthetic_wallet_001454,-1
synthetic_wallet_001455,-1
synthetic_wallet_001456,-1
synthetic_wallet_001457,-1
synthetic_wallet_001458,-1
synthetic_wallet_001459,-1
synthetic_wallet_001460,-1
synthetic_wallet_001461,-1
synthetic_wallet_001462,-1
synthetic_wallet_001463,-1
synthetic_wallet_001464,-1
synthetic_wallet_001465,-1
synthetic_wallet_001466,-1
synthetic_wallet_001467,-1
synthetic_wallet_001468,-1
synthetic_wallet_001469,-1
synthetic_wallet_001470,-1
synthetic_wallet_001471,-1
synthetic_wallet_001472,-1
synthetic_wallet_001473,-1
synthetic_wallet_001474,-1
synthetic_wallet_001475,-1
synthetic_wallet_001476,-1
synthetic_wallet_001477,-1
synthetic_wallet_001478,-1
synthetic_wallet_001479,-1
synthetic_wallet_001480,-1
synthetic_wallet_001481,-1
synthetic_wallet_001482,-1
synthetic_wallet_001483,-1
synthetic_wallet_001484,-1
synthetic_wallet_001485,-1
synthetic_wallet_001486,-1
synthetic_wallet_001487,-1
synthetic_wallet_001488,-1
synthetic_wallet_001489,-1
synthetic_wallet_001490,-1
synthetic_wallet_001491,-1
synthetic_wallet_001492,-1
synthetic_wallet_001493,-1
synthetic_wallet_001494,-1
synthetic_wallet_001495,-1
synthetic_wallet_001496,-1
synthetic_wallet_001497,-1
synthetic_wallet_001498,-1
synthetic_wallet_001499,-1
synthetic_wallet_001500,-1
synthetic_wallet_001501,-1
synthetic_wallet_001502,-1
synthetic_wallet_001503,-1
synthetic_wallet_001504,-1
synthetic_wallet_001505,-1
synthetic_wallet_001506,-1
synthetic_wallet_001507,-1
synthetic_wallet_001508,-1
synthetic_wallet_001509,-1
synthetic_wallet_001510,-1
synthetic_wallet_001511,-1
synthetic_wallet_001512,-1
synthetic_wallet_001513,-1
synthetic_wallet_001514,-1
synthetic_wallet_001515,-1
synthetic_wallet_001516,-1
synthetic_wallet_001517,-1
synthetic_wallet_001518,-1
synthetic_wallet_001519,-1
synthetic_wallet_001520,-1
synthetic_wallet_001521,-1
synthetic_wallet_001522,-1
synthetic_wallet_001523,-1
synthetic_wallet_001524,-1
synthetic_wallet_001525,-1
synthetic_wallet_001526,-1
synthetic_wallet_001527,-1
synthetic_wallet_001528,-1
synthetic_wallet_001529,-1
synthetic_wallet_001530,-1
synthetic_wallet_001531,-1
synthetic_wallet_001532,-1
synthetic_wallet_001533,-1
synthetic_wallet_001534,-1
synthetic_wallet_001535,-1
synthetic_wallet_001536,-1
synthetic_wallet_001537,-1
synthetic_wallet_001538,-1
synthetic_wallet_001539,-1
synthetic_wallet_001540,-1
synthetic_wallet_001541,-1
synthetic_wallet_001542,-1
synthetic_wallet_001543,-1
synthetic_wallet_001544,-1
synthetic_wallet_001545,-1
synthetic_wallet_001546,-1
synthetic_wallet_001547,-1
synthetic_wallet_001548,-1
synthetic_wallet_001549,-1
synthetic_wallet_001550,-1
synthetic_wallet_001551,-1
synthetic_wallet_001552,-1
synthetic_wallet_001553,-1
synthetic_wallet_001554,-1
synthetic_wallet_001555,-1
synthetic_wallet_001556,-1
synthetic_wallet_001557,-1
synthetic_wallet_001558,-1
synthetic_wallet_001559,-1
synthetic_wallet_001560,-1
synthetic_wallet_001561,-1
synthetic_wallet_001562,-1
synthetic_wallet_001563,-1
synthetic_wallet_001564,-1
synthetic_wallet_001565,-1
synthetic_wallet_001566,-1
synthetic_wallet_001567,-1
synthetic_wallet_001568,-1
synthetic_wallet_001569,-1
synthetic_wallet_001570,-1
synthetic_wallet_001571,-1
synthetic_wallet_001572,-1
synthetic_wallet_001573,-1
synthetic_wallet_001574,-1
synthetic_wallet_001575,-1
synthetic_wallet_001576,-1
synthetic_wallet_001577,-1
synthetic_wallet_001578,-1
synthetic_wallet_001579,-1
synthetic_wallet_001580,-1
synthetic_wallet_001581,-1
synthetic_wallet_001582,-1
synthetic_wallet_001583,-1
synthetic_wallet_001584,-1
synthetic_wallet_001585,-1
synthetic_wallet_001586,-1
synthetic_wallet_001587,-1
synthetic_wallet_001588,-1
synthetic_wallet_001589,-1
synthetic_wallet_001590,-1
synthetic_wallet_001591,-1
synthetic_wallet_001592,-1
synthetic_wallet_001593,-1
synthetic_wallet_001594,-1
synthetic_wallet_001595,-1
synthetic_wallet_001596,-1
synthetic_wallet_001597,-1
synthetic_wallet_001598,-1
synthetic_wallet_001599,-1
synthetic_wallet_001600,-1
synthetic_wallet_001601,-1
synthetic_wallet_001602,-1
synthetic_wallet_001603,-1
synthetic_wallet_001604,-1
synthetic_wallet_001605,-1
synthetic_wallet_001606,-1
synthetic_wallet_001607,-1
synthetic_wallet_001608,-1
synthetic_wallet_001609,-1
synthetic_wallet_001610,-1
synthetic_wallet_001611,-1
synthetic_wallet_001612,-1
synthetic_wallet_001613,-1
synthetic_wallet_001614,-1
synthetic_wallet_001615,-1
synthetic_wallet_001616,-1
synthetic_wallet_001617,-1
synthetic_wallet_001618,-1
synthetic_wallet_001619,-1
synthetic_wallet_001620,-1
synthetic_wallet_001621,-1
synthetic_wallet_001622,-1
synthetic_wallet_001623,-1
synthetic_wallet_001624,-1
synthetic_wallet_001625,-1
synthetic_wallet_001626,-1
synthetic_wallet_001627,-1
synthetic_wallet_001628,-1
synthetic_wallet_001629,-1
synthetic_wallet_001630,-1
synthetic_wallet_001631,-1
synthetic_wallet_001632,-1
synthetic_wallet_001633,-1
synthetic_wallet_001634,-1
synthetic_wallet_001635,-1
synthetic_wallet_001636,-1
synthetic_wallet_001637,-1
synthetic_wallet_001638,-1
synthetic_wallet_001639,-1
synthetic_wallet_001640,-1
synthetic_wallet_001641,-1
synthetic_wallet_001642,-1
synthetic_wallet_001643,-1
synthetic_wallet_001644,-1
synthetic_wallet_001645,-1
synthetic_wallet_001646,-1
synthetic_wallet_001647,-1
synthetic_wallet_001648,-1
synthetic_wallet_001649,-1
synthetic_wallet_001650,-1
synthetic_wallet_001651,-1
synthetic_wallet_001652,-1
synthetic_wallet_001653,-1
synthetic_wallet_001654,-1
synthetic_wallet_001655,-1
synthetic_wallet_001656,-1
synthetic_wallet_001657,-1
synthetic_wallet_001658,-1
synthetic_wallet_001659,-1
synthetic_wallet_001660,-1
synthetic_wallet_001661,-1
synthetic_wallet_001662,-1
synthetic_wallet_001663,-1
synthetic_wallet_001664,-1
synthetic_wallet_001665,-1
synthetic_wallet_001666,-1
synthetic_wallet_001667,-1
synthetic_wallet_001668,-1
synthetic_wallet_001669,-1
synthetic_wallet_001670,-1
synthetic_wallet_001671,-1
synthetic_wallet_001672,-1
synthetic_wallet_001673,-1
synthetic_wallet_001674,-1
synthetic_wallet_001675,-1
synthetic_wallet_001676,-1
synthetic_wallet_001677,-1
synthetic_wallet_001678,-1
synthetic_wallet_001679,-1
synthetic_wallet_001680,-1
synthetic_wallet_001681,-1
synthetic_wallet_001682,-1
synthetic_wallet_001683,-1
synthetic_wallet_001684,-1
synthetic_wallet_001685,-1
synthetic_wallet_001686,-1
synthetic_wallet_001687,-1
synthetic_wallet_001688,-1
synthetic_wallet_001689,-1
synthetic_wallet_001690,-1
synthetic_wallet_001691,-1
synthetic_wallet_001692,-1
synthetic_wallet_001693,-1
synthetic_wallet_001694,-1
synthetic_wallet_001695,-1
synthetic_wallet_001696,-1
synthetic_wallet_001697,-1
synthetic_wallet_001698,-1
synthetic_wallet_001699,-1
synthetic_wallet_001700,-1
synthetic_wallet_001701,-1
synthetic_wallet_001702,-1
synthetic_wallet_001703,-1
synthetic_wallet_001704,-1
synthetic_wallet_001705,-1
synthetic_wallet_001706,-1
synthetic_wallet_001707,-1
synthetic_wallet_001708,-1
synthetic_wallet_001709,-1
synthetic_wallet_001710,-1
synthetic_wallet_001711,-1
synthetic_wallet_001712,-1
synthetic_wallet_001713,-1
synthetic_wallet_001714,-1
synthetic_wallet_001715,-1
synthetic_wallet_001716,-1
synthetic_wallet_001717,-1
synthetic_wallet_001718,-1
synthetic_wallet_001719,-1
synthetic_wallet_001720,-1
synthetic_wallet_001721,-1
synthetic_wallet_001722,-1
synthetic_wallet_001723,-1
synthetic_wallet_001724,-1
synthetic_wallet_001725,-1
synthetic_wallet_001726,-1
synthetic_wallet_001727,-1
synthetic_wallet_001728,-1
synthetic_wallet_001729,-1
synthetic_wallet_001730,-1
synthetic_wallet_001731,-1
synthetic_wallet_001732,-1
synthetic_wallet_001733,-1
synthetic_wallet_001734,-1
synthetic_wallet_001735,-1
synthetic_wallet_001736,-1
synthetic_wallet_001737,-1
synthetic_wallet_001738,-1
synthetic_wallet_001739,-1
synthetic_wallet_001740,-1
synthetic_wallet_001741,-1
synthetic_wallet_001742,-1
synthetic_wallet_001743,-1
synthetic_wallet_001744,-1
synthetic_wallet_001745,-1
synthetic_wallet_001746,-1
synthetic_wallet_001747,-1
synthetic_wallet_001748,-1
synthetic_wallet_001749,-1
synthetic_wallet_001750,-1
synthetic_wallet_001751,-1
synthetic_wallet_001752,-1
synthetic_wallet_001753,-1
synthetic_wallet_001754,-1
synthetic_wallet_001755,-1
synthetic_wallet_001756,-1
synthetic_wallet_001757,-1
synthetic_wallet_001758,-1
synthetic_wallet_001759,-1
synthetic_wallet_001760,-1
synthetic_wallet_001761,-1
synthetic_wallet_001762,-1
synthetic_wallet_001763,-1
synthetic_wallet_001764,-1
synthetic_wallet_001765,-1
synthetic_wallet_001766,-1
synthetic_wallet_001767,-1
synthetic_wallet_001768,-1
synthetic_wallet_001769,-1
synthetic_wallet_001770,-1
synthetic_wallet_001771,-1
synthetic_wallet_001772,-1
synthetic_wallet_001773,-1
synthetic_wallet_001774,-1
synthetic_wallet_001775,-1
synthetic_wallet_001776,-1
synthetic_wallet_001777,-1
synthetic_wallet_001778,-1
synthetic_wallet_001779,-1
synthetic_wallet_001780,-1
synthetic_wallet_001781,-1
synthetic_wallet_001782,-1
synthetic_wallet_001783,-1
synthetic_wallet_001784,-1
synthetic_wallet_001785,-1
synthetic_wallet_001786,-1
synthetic_wallet_001787,-1
synthetic_wallet_001788,-1
synthetic_wallet_001789,-1
synthetic_wallet_001790,-1
synthetic_wallet_001791,-1
synthetic_wallet_001792,-1
synthetic_wallet_001793,-1
synthetic_wallet_001794,-1
synthetic_wallet_001795,-1
synthetic_wallet_001796,-1
synthetic_wallet_001797,-1
synthetic_wallet_001798,-1
synthetic_wallet_001799,-1
synthetic_wallet_001800,-1
synthetic_wallet_001801,-1
synthetic_wallet_001802,-1
synthetic_wallet_001803,-1
synthetic_wallet_001804,-1
synthetic_wallet_001805,-1
synthetic_wallet_001806,-1
synthetic_wallet_001807,-1
synthetic_wallet_001808,-1
synthetic_wallet_001809,-1
synthetic_wallet_001810,-1
synthetic_wallet_001811,-1
synthetic_wallet_001812,-1
synthetic_wallet_001813,-1
synthetic_wallet_001814,-1
synthetic_wallet_001815,-1
synthetic_wallet_001816,-1
synthetic_wallet_001817,-1
synthetic_wallet_001818,-1
synthetic_wallet_001819,-1
synthetic_wallet_001820,-1
synthetic_wallet_001821,-1
synthetic_wallet_001822,-1
synthetic_wallet_001823,-1
synthetic_wallet_001824,-1
synthetic_wallet_001825,-1
synthetic_wallet_001826,-1
synthetic_wallet_001827,-1
synthetic_wallet_001828,-1
synthetic_wallet_001829,-1
synthetic_wallet_001830,-1
synthetic_wallet_001831,-1
synthetic_wallet_001832,-1
synthetic_wallet_001833,-1
synthetic_wallet_001834,-1
synthetic_wallet_001835,-1
synthetic_wallet_001836,-1
synthetic_wallet_001837,-1
synthetic_wallet_001838,-1
synthetic_wallet_001839,-1
synthetic_wallet_001840,-1
synthetic_wallet_001841,-1
synthetic_wallet_001842,-1
synthetic_wallet_001843,-1
synthetic_wallet_001844,-1
synthetic_wallet_001845,-1
synthetic_wallet_001846,-1
synthetic_wallet_001847,-1
synthetic_wallet_001848,-1
synthetic_wallet_001849,-1
synthetic_wallet_001850,-1
synthetic_wallet_001851,-1
synthetic_wallet_001852,-1
synthetic_wallet_001853,-1
synthetic_wallet_001854,-1
synthetic_wallet_001855,-1
synthetic_wallet_001856,-1
synthetic_wallet_001857,-1
synthetic_wallet_001858,-1
synthetic_wallet_001859,-1
synthetic_wallet_001860,-1
synthetic_wallet_001861,-1
synthetic_wallet_001862,-1
synthetic_wallet_001863,-1
synthetic_wallet_001864,-1
synthetic_wallet_001865,-1
synthetic_wallet_001866,-1
synthetic_wallet_001867,-1
synthetic_wallet_001868,-1
synthetic_wallet_001869,-1
synthetic_wallet_001870,-1
synthetic_wallet_001871,-1
synthetic_wallet_001872,-1
synthetic_wallet_001873,-1
synthetic_wallet_001874,-1
synthetic_wallet_001875,-1
synthetic_wallet_001876,-1
synthetic_wallet_001877,-1
synthetic_wallet_001878,-1
synthetic_wallet_001879,-1
synthetic_wallet_001880,-1
synthetic_wallet_001881,-1
synthetic_wallet_001882,-1
synthetic_wallet_001883,-1
synthetic_wallet_001884,-1
synthetic_wallet_001885,-1
synthetic_wallet_001886,-1
synthetic_wallet_001887,-1
synthetic_wallet_001888,-1
synthetic_wallet_001889,-1
synthetic_wallet_001890,-1
synthetic_wallet_001891,-1
synthetic_wallet_001892,-1
synthetic_wallet_001893,-1
synthetic_wallet_001894,-1
synthetic_wallet_001895,-1
synthetic_wallet_001896,-1
synthetic_wallet_001897,-1
synthetic_wallet_001898,-1
synthetic_wallet_001899,-1
synthetic_wallet_001900,-1
synthetic_wallet_001901,-1
synthetic_wallet_001902,-1
synthetic_wallet_001903,-1
synthetic_wallet_001904,-1
synthetic_wallet_001905,-1
synthetic_wallet_001906,-1
synthetic_wallet_001907,-1
synthetic_wallet_001908,-1
synthetic_wallet_001909,-1
synthetic_wallet_001910,-1
synthetic_wallet_001911,-1
synthetic_wallet_001912,-1
synthetic_wallet_001913,-1
synthetic_wallet_001914,-1
synthetic_wallet_001915,-1
synthetic_wallet_001916,-1
synthetic_wallet_001917,-1
synthetic_wallet_001918,-1
synthetic_wallet_001919,-1
synthetic_wallet_001920,-1
synthetic_wallet_001921,-1
synthetic_wallet_001922,-1
synthetic_wallet_001923,-1
synthetic_wallet_001924,-1
synthetic_wallet_001925,-1
synthetic_wallet_001926,-1
synthetic_wallet_001927,-1
synthetic_wallet_001928,-1
synthetic_wallet_001929,-1
synthetic_wallet_001930,-1
synthetic_wallet_001931,-1
synthetic_wallet_001932,-1
synthetic_wallet_001933,-1
synthetic_wallet_001934,-1
synthetic_wallet_001935,-1
synthetic_wallet_001936,-1
synthetic_wallet_001937,-1
synthetic_wallet_001938,-1
synthetic_wallet_001939,-1
synthetic_wallet_001940,-1
synthetic_wallet_001941,-1
synthetic_wallet_001942,-1
synthetic_wallet_001943,-1
synthetic_wallet_001944,-1
synthetic_wallet_001945,-1
synthetic_wallet_001946,-1
synthetic_wallet_001947,-1
synthetic_wallet_001948,-1
synthetic_wallet_001949,-1
synthetic_wallet_001950,-1
synthetic_wallet_001951,-1
synthetic_wallet_001952,-1
synthetic_wallet_001953,-1
synthetic_wallet_001954,-1
synthetic_wallet_001955,-1
synthetic_wallet_001956,-1
synthetic_wallet_001957,-1
synthetic_wallet_001958,-1
synthetic_wallet_001959,-1
synthetic_wallet_001960,-1
synthetic_wallet_001961,-1
synthetic_wallet_001962,-1
synthetic_wallet_001963,-1
synthetic_wallet_001964,-1
synthetic_wallet_001965,-1
synthetic_wallet_001966,-1
synthetic_wallet_001967,-1
synthetic_wallet_001968,-1
synthetic_wallet_001969,-1
synthetic_wallet_001970,-1
synthetic_wallet_001971,-1
synthetic_wallet_001972,-1
synthetic_wallet_001973,-1
synthetic_wallet_001974,-1
synthetic_wallet_001975,-1
synthetic_wallet_001976,-1
synthetic_wallet_001977,-1
synthetic_wallet_001978,-1
synthetic_wallet_001979,-1
synthetic_wallet_001980,-1
synthetic_wallet_001981,-1
synthetic_wallet_001982,-1
synthetic_wallet_001983,-1
synthetic_wallet_001984,-1
synthetic_wallet_001985,-1
synthetic_wallet_001986,-1
synthetic_wallet_001987,-1
synthetic_wallet_001988,-1
synthetic_wallet_001989,-1
synthetic_wallet_001990,-1
synthetic_wallet_001991,-1
synthetic_wallet_001992,-1
synthetic_wallet_001993,-1
synthetic_wallet_001994,-1
synthetic_wallet_001995,-1
synthetic_wallet_001996,-1
synthetic_wallet_001997,-1
synthetic_wallet_001998,-1
synthetic_wallet_001999,-1
synthetic_wallet_002000,-1
synthetic_wallet_002001,-1
synthetic_wallet_002002,-1
synthetic_wallet_002003,-1
synthetic_wallet_002004,-1
synthetic_wallet_002005,-1
synthetic_wallet_002006,-1
synthetic_wallet_002007,-1
synthetic_wallet_002008,-1
synthetic_wallet_002009,-1
synthetic_wallet_002010,-1
synthetic_wallet_002011,-1
synthetic_wallet_002012,-1
synthetic_wallet_002013,-1
synthetic_wallet_002014,-1
synthetic_wallet_002015,-1
synthetic_wallet_002016,-1
synthetic_wallet_002017,-1
synthetic_wallet_002018,-1
synthetic_wallet_002019,-1
synthetic_wallet_002020,-1
synthetic_wallet_002021,-1
synthetic_wallet_002022,-1
synthetic_wallet_002023,-1
synthetic_wallet_002024,-1
synthetic_wallet_002025,-1
synthetic_wallet_002026,-1
synthetic_wallet_002027,-1
synthetic_wallet_002028,-1
synthetic_wallet_002029,-1
synthetic_wallet_002030,-1
synthetic_wallet_002031,-1
synthetic_wallet_002032,-1
synthetic_wallet_002033,-1
synthetic_wallet_002034,-1
synthetic_wallet_002035,-1
synthetic_wallet_002036,-1
synthetic_wallet_002037,-1
synthetic_wallet_002038,-1
synthetic_wallet_002039,-1
synthetic_wallet_002040,-1
synthetic_wallet_002041,-1
synthetic_wallet_002042,-1
synthetic_wallet_002043,-1
synthetic_wallet_002044,-1
synthetic_wallet_002045,-1
synthetic_wallet_002046,-1
synthetic_wallet_002047,-1
synthetic_wallet_002048,-1
synthetic_wallet_002049,-1
synthetic_wallet_002050,-1
synthetic_wallet_002051,-1
synthetic_wallet_002052,-1
synthetic_wallet_002053,-1
synthetic_wallet_002054,-1
synthetic_wallet_002055,-1
synthetic_wallet_002056,-1
synthetic_wallet_002057,-1
synthetic_wallet_002058,-1
synthetic_wallet_002059,-1
synthetic_wallet_002060,-1
synthetic_wallet_002061,-1
synthetic_wallet_002062,-1
synthetic_wallet_002063,-1
synthetic_wallet_002064,-1
synthetic_wallet_002065,-1
synthetic_wallet_002066,-1
synthetic_wallet_002067,-1
synthetic_wallet_002068,-1
synthetic_wallet_002069,-1
synthetic_wallet_002070,-1
synthetic_wallet_002071,-1
synthetic_wallet_002072,-1
synthetic_wallet_002073,-1
synthetic_wallet_002074,-1
synthetic_wallet_002075,-1
synthetic_wallet_002076,-1
synthetic_wallet_002077,-1
synthetic_wallet_002078,-1
synthetic_wallet_002079,-1
synthetic_wallet_002080,-1
synthetic_wallet_002081,-1
synthetic_wallet_002082,-1
synthetic_wallet_002083,-1
synthetic_wallet_002084,-1
synthetic_wallet_002085,-1
synthetic_wallet_002086,-1
synthetic_wallet_002087,-1
synthetic_wallet_002088,-1
synthetic_wallet_002089,-1
synthetic_wallet_002090,-1
synthetic_wallet_002091,-1
synthetic_wallet_002092,-1
synthetic_wallet_002093,-1
synthetic_wallet_002094,-1
synthetic_wallet_002095,-1
synthetic_wallet_002096,-1
synthetic_wallet_002097,-1
synthetic_wallet_002098,-1
synthetic_wallet_002099,-1
synthetic_wallet_002100,-1
synthetic_wallet_002101,-1
synthetic_wallet_002102,-1
synthetic_wallet_002103,-1
synthetic_wallet_002104,-1
synthetic_wallet_002105,-1
synthetic_wallet_002106,-1
synthetic_wallet_002107,-1
synthetic_wallet_002108,-1
synthetic_wallet_002109,-1
synthetic_wallet_002110,-1
synthetic_wallet_002111,-1
synthetic_wallet_002112,-1
synthetic_wallet_002113,-1
synthetic_wallet_002114,-1
synthetic_wallet_002115,-1
synthetic_wallet_002116,-1
synthetic_wallet_002117,-1
synthetic_wallet_002118,-1
synthetic_wallet_002119,-1
synthetic_wallet_002120,-1
synthetic_wallet_002121,-1
synthetic_wallet_002122,-1
synthetic_wallet_002123,-1
synthetic_wallet_002124,-1
synthetic_wallet_002125,-1
synthetic_wallet_002126,-1
synthetic_wallet_002127,-1
synthetic_wallet_002128,-1
synthetic_wallet_002129,-1
synthetic_wallet_002130,-1
synthetic_wallet_002131,-1
synthetic_wallet_002132,-1
synthetic_wallet_002133,-1
synthetic_wallet_002134,-1
synthetic_wallet_002135,-1
synthetic_wallet_002136,-1
synthetic_wallet_002137,-1
synthetic_wallet_002138,-1
synthetic_wallet_002139,-1
synthetic_wallet_002140,-1
synthetic_wallet_002141,-1
synthetic_wallet_002142,-1
synthetic_wallet_002143,-1
synthetic_wallet_002144,-1
synthetic_wallet_002145,-1
synthetic_wallet_002146,-1
synthetic_wallet_002147,-1
synthetic_wallet_002148,-1
synthetic_wallet_002149,-1
synthetic_wallet_002150,-1
synthetic_wallet_002151,-1
synthetic_wallet_002152,-1
synthetic_wallet_002153,-1
synthetic_wallet_002154,-1
synthetic_wallet_002155,-1
synthetic_wallet_002156,-1
synthetic_wallet_002157,-1
synthetic_wallet_002158,-1
synthetic_wallet_002159,-1
synthetic_wallet_002160,-1
synthetic_wallet_002161,-1
synthetic_wallet_002162,-1
synthetic_wallet_002163,-1
synthetic_wallet_002164,-1
synthetic_wallet_002165,-1
synthetic_wallet_002166,-1
synthetic_wallet_002167,-1
synthetic_wallet_002168,-1
synthetic_wallet_002169,-1
synthetic_wallet_002170,-1
synthetic_wallet_002171,-1
synthetic_wallet_002172,-1
synthetic_wallet_002173,-1
synthetic_wallet_002174,-1
synthetic_wallet_002175,-1
synthetic_wallet_002176,-1
synthetic_wallet_002177,-1
synthetic_wallet_002178,-1
synthetic_wallet_002179,-1
synthetic_wallet_002180,-1
synthetic_wallet_002181,-1
synthetic_wallet_002182,-1
synthetic_wallet_002183,-1
synthetic_wallet_002184,-1
synthetic_wallet_002185,-1
synthetic_wallet_002186,-1
synthetic_wallet_002187,-1
synthetic_wallet_002188,-1
synthetic_wallet_002189,-1
synthetic_wallet_002190,-1
synthetic_wallet_002191,-1
synthetic_wallet_002192,-1
synthetic_wallet_002193,-1
synthetic_wallet_002194,-1
synthetic_wallet_002195,-1
synthetic_wallet_002196,-1
synthetic_wallet_002197,-1
synthetic_wallet_002198,-1
synthetic_wallet_002199,-1
synthetic_wallet_002200,-1
synthetic_wallet_002201,-1
synthetic_wallet_002202,-1
synthetic_wallet_002203,-1
synthetic_wallet_002204,-1
synthetic_wallet_002205,-1
synthetic_wallet_002206,-1
synthetic_wallet_002207,-1
synthetic_wallet_002208,-1
synthetic_wallet_002209,-1
synthetic_wallet_002210,-1
synthetic_wallet_002211,-1
synthetic_wallet_002212,-1
synthetic_wallet_002213,-1
synthetic_wallet_002214,-1
synthetic_wallet_002215,-1
synthetic_wallet_002216,-1
synthetic_wallet_002217,-1
synthetic_wallet_002218,-1
synthetic_wallet_002219,-1
synthetic_wallet_002220,-1
synthetic_wallet_002221,-1
synthetic_wallet_002222,-1
synthetic_wallet_002223,-1
synthetic_wallet_002224,-1
synthetic_wallet_002225,-1
synthetic_wallet_002226,-1
synthetic_wallet_002227,-1
synthetic_wallet_002228,-1
synthetic_wallet_002229,-1
synthetic_wallet_002230,-1
synthetic_wallet_002231,-1
synthetic_wallet_002232,-1
synthetic_wallet_002233,-1
synthetic_wallet_002234,-1
synthetic_wallet_002235,-1
synthetic_wallet_002236,-1
synthetic_wallet_002237,-1
synthetic_wallet_002238,-1
synthetic_wallet_002239,-1
synthetic_wallet_002240,-1
synthetic_wallet_002241,-1
synthetic_wallet_002242,-1
synthetic_wallet_002243,-1
synthetic_wallet_002244,-1
synthetic_wallet_002245,-1
synthetic_wallet_002246,-1
synthetic_wallet_002247,-1
synthetic_wallet_002248,-1
synthetic_wallet_002249,-1
synthetic_wallet_002250,-1
synthetic_wallet_002251,-1
synthetic_wallet_002252,-1
synthetic_wallet_002253,-1
synthetic_wallet_002254,-1
synthetic_wallet_002255,-1
synthetic_wallet_002256,-1
synthetic_wallet_002257,-1
synthetic_wallet_002258,-1
synthetic_wallet_002259,-1
synthetic_wallet_002260,-1
synthetic_wallet_002261,-1
synthetic_wallet_002262,-1
synthetic_wallet_002263,-1
synthetic_wallet_002264,-1
synthetic_wallet_002265,-1
synthetic_wallet_002266,-1
synthetic_wallet_002267,-1
synthetic_wallet_002268,-1
synthetic_wallet_002269,-1
synthetic_wallet_002270,-1
synthetic_wallet_002271,-1
synthetic_wallet_002272,-1
synthetic_wallet_002273,-1
synthetic_wallet_002274,-1
synthetic_wallet_002275,-1
synthetic_wallet_002276,-1
synthetic_wallet_002277,-1
synthetic_wallet_002278,-1
synthetic_wallet_002279,-1
synthetic_wallet_002280,-1
synthetic_wallet_002281,-1
synthetic_wallet_002282,-1
synthetic_wallet_002283,-1
synthetic_wallet_002284,-1
synthetic_wallet_002285,-1
synthetic_wallet_002286,-1
synthetic_wallet_002287,-1
synthetic_wallet_002288,-1
synthetic_wallet_002289,-1
synthetic_wallet_002290,-1
synthetic_wallet_002291,-1
synthetic_wallet_002292,-1
synthetic_wallet_002293,-1
synthetic_wallet_002294,-1
synthetic_wallet_002295,-1
synthetic_wallet_002296,-1
synthetic_wallet_002297,-1
synthetic_wallet_002298,-1
synthetic_wallet_002299,-1
synthetic_wallet_002300,-1
synthetic_wallet_002301,-1
synthetic_wallet_002302,-1
synthetic_wallet_002303,-1
synthetic_wallet_002304,-1
synthetic_wallet_002305,-1
synthetic_wallet_002306,-1
synthetic_wallet_002307,-1
synthetic_wallet_002308,-1
synthetic_wallet_002309,-1
synthetic_wallet_002310,-1
synthetic_wallet_002311,-1
synthetic_wallet_002312,-1
synthetic_wallet_002313,-1
synthetic_wallet_002314,-1
synthetic_wallet_002315,-1
synthetic_wallet_002316,-1
synthetic_wallet_002317,-1
synthetic_wallet_002318,-1
synthetic_wallet_002319,-1
synthetic_wallet_002320,-1
synthetic_wallet_002321,-1
synthetic_wallet_002322,-1
synthetic_wallet_002323,-1
synthetic_wallet_002324,-1
synthetic_wallet_002325,-1
synthetic_wallet_002326,-1
synthetic_wallet_002327,-1
synthetic_wallet_002328,-1
synthetic_wallet_002329,-1
synthetic_wallet_002330,-1
synthetic_wallet_002331,-1
synthetic_wallet_002332,-1
synthetic_wallet_002333,-1
synthetic_wallet_002334,-1
synthetic_wallet_002335,-1
synthetic_wallet_002336,-1
synthetic_wallet_002337,-1
synthetic_wallet_002338,-1
synthetic_wallet_002339,-1
synthetic_wallet_002340,-1
synthetic_wallet_002341,-1
synthetic_wallet_002342,-1
synthetic_wallet_002343,-1
synthetic_wallet_002344,-1
synthetic_wallet_002345,-1
synthetic_wallet_002346,-1
synthetic_wallet_002347,-1
synthetic_wallet_002348,-1
synthetic_wallet_002349,-1
synthetic_wallet_002350,-1
synthetic_wallet_002351,-1
synthetic_wallet_002352,-1
synthetic_wallet_002353,-1
synthetic_wallet_002354,-1
synthetic_wallet_002355,-1
synthetic_wallet_002356,-1
synthetic_wallet_002357,-1
synthetic_wallet_002358,-1
synthetic_wallet_002359,-1
synthetic_wallet_002360,-1
synthetic_wallet_002361,-1
synthetic_wallet_002362,-1
synthetic_wallet_002363,-1
synthetic_wallet_002364,-1
synthetic_wallet_002365,-1
synthetic_wallet_002366,-1
synthetic_wallet_002367,-1
synthetic_wallet_002368,-1
synthetic_wallet_002369,-1
synthetic_wallet_002370,-1
synthetic_wallet_002371,-1
synthetic_wallet_002372,-1
synthetic_wallet_002373,-1
synthetic_wallet_002374,-1
synthetic_wallet_002375,-1
synthetic_wallet_002376,-1
synthetic_wallet_002377,-1
synthetic_wallet_002378,-1
synthetic_wallet_002379,-1
synthetic_wallet_002380,-1
synthetic_wallet_002381,-1
synthetic_wallet_002382,-1
synthetic_wallet_002383,-1
synthetic_wallet_002384,-1
synthetic_wallet_002385,-1
synthetic_wallet_002386,-1
synthetic_wallet_002387,-1
synthetic_wallet_002388,-1
synthetic_wallet_002389,-1
synthetic_wallet_002390,-1
synthetic_wallet_002391,-1
synthetic_wallet_002392,-1
synthetic_wallet_002393,-1
synthetic_wallet_002394,-1
synthetic_wallet_002395,-1
synthetic_wallet_002396,-1
synthetic_wallet_002397,-1
synthetic_wallet_002398,-1
synthetic_wallet_002399,-1
synthetic_wallet_002400,-1
synthetic_wallet_002401,-1
synthetic_wallet_002402,-1
synthetic_wallet_002403,-1
synthetic_wallet_002404,-1
synthetic_wallet_002405,-1
synthetic_wallet_002406,-1
synthetic_wallet_002407,-1
synthetic_wallet_002408,-1
synthetic_wallet_002409,-1
synthetic_wallet_002410,-1
synthetic_wallet_002411,-1
synthetic_wallet_002412,-1
synthetic_wallet_002413,-1
synthetic_wallet_002414,-1
synthetic_wallet_002415,-1
synthetic_wallet_002416,-1
synthetic_wallet_002417,-1
synthetic_wallet_002418,-1
synthetic_wallet_002419,-1
synthetic_wallet_002420,-1
synthetic_wallet_002421,-1
synthetic_wallet_002422,-1
synthetic_wallet_002423,-1
synthetic_wallet_002424,-1
synthetic_wallet_002425,-1
synthetic_wallet_002426,-1
synthetic_wallet_002427,-1
synthetic_wallet_002428,-1
synthetic_wallet_002429,-1
synthetic_wallet_002430,-1
synthetic_wallet_002431,-1
synthetic_wallet_002432,-1
synthetic_wallet_002433,-1
synthetic_wallet_002434,-1
synthetic_wallet_002435,-1
synthetic_wallet_002436,-1
synthetic_wallet_002437,-1
synthetic_wallet_002438,-1
synthetic_wallet_002439,-1
synthetic_wallet_002440,-1
synthetic_wallet_002441,-1
synthetic_wallet_002442,-1
synthetic_wallet_002443,-1
synthetic_wallet_002444,-1
synthetic_wallet_002445,-1
synthetic_wallet_002446,-1
synthetic_wallet_002447,-1
synthetic_wallet_002448,-1
synthetic_wallet_002449,-1
synthetic_wallet_002450,-1
synthetic_wallet_002451,-1
synthetic_wallet_002452,-1
synthetic_wallet_002453,-1
synthetic_wallet_002454,-1
synthetic_wallet_002455,-1
synthetic_wallet_002456,-1
synthetic_wallet_002457,-1
synthetic_wallet_002458,-1
synthetic_wallet_002459,-1
synthetic_wallet_002460,-1
synthetic_wallet_002461,-1
synthetic_wallet_002462,-1
synthetic_wallet_002463,-1
synthetic_wallet_002464,-1
synthetic_wallet_002465,-1
synthetic_wallet_002466,-1
synthetic_wallet_002467,-1
synthetic_wallet_002468,-1
synthetic_wallet_002469,-1
synthetic_wallet_002470,-1
synthetic_wallet_002471,-1
synthetic_wallet_002472,-1
synthetic_wallet_002473,-1
synthetic_wallet_002474,-1
synthetic_wallet_002475,-1
synthetic_wallet_002476,-1
synthetic_wallet_002477,-1
synthetic_wallet_002478,-1
synthetic_wallet_002479,-1
synthetic_wallet_002480,-1
synthetic_wallet_002481,-1
synthetic_wallet_002482,-1
synthetic_wallet_002483,-1
synthetic_wallet_002484,-1
synthetic_wallet_002485,-1
synthetic_wallet_002486,-1
synthetic_wallet_002487,-1
synthetic_wallet_002488,-1
synthetic_wallet_002489,-1
synthetic_wallet_002490,-1
synthetic_wallet_002491,-1
synthetic_wallet_002492,-1
synthetic_wallet_002493,-1
synthetic_wallet_002494,-1
synthetic_wallet_002495,-1
synthetic_wallet_002496,-1
synthetic_wallet_002497,-1
synthetic_wallet_002498,-1
synthetic_wallet_002499,-1
synthetic_wallet_002500,-1
